"Anatomical Strucures, Cell Types and Biomarkers Table for Small Intestine v1.0",,,,,,,,,,,,,,,,,,,,,,,,,,,,,,,,,,,,,,,,,,,,,,,,,,,,,,,,,,,,,,,,,,,,,,,,,,,,,,,,,,,,,,,,,,,,,,,,,,,,,,,,,,,,,,,,,,,,,,,,,,,,,
,,,,,,,,,,,,,,,,,,,,,,,,,,,,,,,,,,,,,,,,,,,,,,,,,,,,,,,,,,,,,,,,,,,,,,,,,,,,,,,,,,,,,,,,,,,,,,,,,,,,,,,,,,,,,,,,,,,,,,,,,,,,,
Author Name(s):,Teri Longacre,,,,,,,,,,,,,,,,,,,,,,,,,,,,,,,,,,,,,,,,,,,,,,,,,,,,,,,,,,,,,,,,,,,,,,,,,,,,,,,,,,,,,,,,,,,,,,,,,,,,,,,,,,,,,,,,,,,,,,,,,,,,
Author ORCID(s):,0000-0002-0935-7300,,,,,,,,,,,,,,,,,,,,,,,,,,,,,,,,,,,,,,,,,,,,,,,,,,,,,,,,,,,,,,,,,,,,,,,,,,,,,,,,,,,,,,,,,,,,,,,,,,,,,,,,,,,,,,,,,,,,,,,,,,,,
Reviewer(s):,Ellen Quardokus (0000-0001-7655-4833),,,,,,,,,,,,,,,,,,,,,,,,,,,,,,,,,,,,,,,,,,,,,,,,,,,,,,,,,,,,,,,,,,,,,,,,,,,,,,,,,,,,,,,,,,,,,,,,,,,,,,,,,,,,,,,,,,,,,,,,,,,,
General Publication(s):,doi.org/10.1038/s41586-021-03852-1,,,,,,,,,,,,,,,,,,,,,,,,,,,,,,,,,,,,,,,,,,,,,,,,,,,,,,,,,,,,,,,,,,,,,,,,,,,,,,,,,,,,,,,,,,,,,,,,,,,,,,,,,,,,,,,,,,,,,,,,,,,,
Data DOI:,https://doi.org/10.48539/HBM736.PJQV.368,,,,,,,,,,,,,,,,,,,,,,,,,,,,,,,,,,,,,,,,,,,,,,,,,,,,,,,,,,,,,,,,,,,,,,,,,,,,,,,,,,,,,,,,,,,,,,,,,,,,,,,,,,,,,,,,,,,,,,,,,,,,
Date:,12/1/2021,,,,,,,,,,,,,,,,,,,,,,,,,,,,,,,,,,,,,,,,,,,,,,,,,,,,,,,,,,,,,,,,,,,,,,,,,,,,,,,,,,,,,,,,,,,,,,,,,,,,,,,,,,,,,,,,,,,,,,,,,,,,
Version Number:,v1.0,,,,,,,,,,,,,,,,,,,,,,,,,,,,,,,,,,,,,,,,,,,,,,,,,,,,,,,,,,,,,,,,,,,,,,,,,,,,,,,,,,,,,,,,,,,,,,,,,,,,,,,,,,,,,,,,,,,,,,,,,,,,
,,,,,,,,,,,,,,,,,,,,,,,,,,,,,,,,,,,,,,,,,,,,,,,,,,,,,,,,,,,,,,,,,,,,,,,,,,,,,,,,,,,,,,,,,,,,,,,,,,,,,,,,,,,,,,,,,,,,,,,,,,,,,
AS/1,AS/1/LABEL,AS/1/ID,AS/2,AS/2/LABEL,AS/2/ID,AS/3,AS/3/LABEL,AS/3/ID,AS/4,AS/4/LABEL,AS/4/ID,AS/5,AS/5/LABEL,AS/5/ID,AS/6,AS/6/LABEL,AS/6/ID,CT/1,CT/1/LABEL,CT/1/ID,Gene Markers,BGene/1,BGene/1/LABEL,BGene/1/ID,BGene/2,BGene/2/LABEL,BGene/2/ID,BGene/3,BGene/3/LABEL,BGene/3/ID,BGene/4,BGene/4/LABEL,BGene/4/ID,BGene/5,BGene/5/LABEL,BGene/5/ID,BGene/6,BGene/6/LABEL,BGene/6/ID,BGene/7,BGene/7/LABEL,BGene/7/ID,BGene/8,BGene/8/LABEL,BGene/8/ID,BGene/9,BGene/9/LABEL,BGene/9/ID,BGene/10,BGene/10/LABEL,BGene/10/ID,Subset of Marker Protein Markers (https://www.genenames.org),BProtein/1,BProtein/1/LABEL,BProtein/1/ID,BProtein/2,BProtein/2/LABEL,BProtein/2/ID,BProtein/3,BProtein/3/LABEL,BProtein/3/ID,BProtein/4,BProtein/4/LABEL,BProtein/4/ID,BProtein/5,BProtein/5/LABEL,BProtein/5/ID,BProtein/6,BProtein/6/LABEL,BProtein/6/ID,BProtein/7,BProtein/7/LABEL,BProtein/7/ID,BProtein/8,BProtein/8/LABEL,BProtein/8/ID,BProtein/9,BProtein/9/LABEL,BProtein/9/ID,BProtein/10,BProtein10/LABEL,BProtein10/ID,BProtein/11/,BProtein/11/LABEL,BProtein/11/ID,BProteoform/1,BProteoform/1/LABEL,BProteoform/1/ID,BProteoform/2,BProteoform/2/LABEL,BProteoform/2/ID,BLipid/1,BLipid/1/LABEL,BLipid/1/ID,BLipid/2,BLipid/2/LABEL,BLipid/2/ID,BMetabolites/1,BMetabolites/1/LABEL,BMetabolites/1/ID,BMetabolites/2,BMetabolites/2LABEL,BMetabolites/2/ID,FTU/1,FTU/1/LABEL,FTU/1/ID,FTU/1/Comments,REF/1,REF/1/DOI,REF/1/NOTES,REF/2,REF/2/DOI,REF/2/NOTES,REF/3,REF/3/DOI,REF/3/NOTES,REF/4,REF/4/DOI,REF/4/NOTES,REF/5,REF/5/DOI,REF/5/NOTES,REF/6,REF/6/DOI,REF/6/NOTES
Small Intestine,small intestine,UBERON:0002108,duodenum,duodenum,UBERON:0002114,duodenojejunal flexure,duodeno-jejunal junction,UBERON:8410000,,,,,,,,,,,,,,,,,,,,,,,,,,,,,,,,,,,,,,,,,,,,,,,,,,,,,,,,,,,,,,,,,,,,,,,,,,,,,,,,,,,,,,,,,,,,,,,,,,,,,,,,,,,,,,,,,,,,,
Small Intestine,small intestine,UBERON:0002108,duodenum,duodenum,UBERON:0002114,duodenal ampulla,duodenal ampulla,UBERON:0013644,mucosa,,,,,,,,,,,,,,,,,,,,,,,,,,,,,,,,,,,,,,,,,,,,,,,,,,,,,,,,,,,,,,,,,,,,,,,,,,,,,,,,,,,,,,,,,,,,,,,,,,,,,,,,,,,,,,,,,,,,
Small Intestine,small intestine,UBERON:0002108,duodenum,duodenum,UBERON:0002114,duodenal ampulla,duodenal ampulla,UBERON:0013644,mucosa,,,,,,,,,,,,,,,,,,,,,,,,,,,,,,,,,,,,,,,,,,,,,,,,,,,,,,,,,,,,,,,,,,,,,,,,,,,,,,,,,,,,,,,,,,,,,,,,,,,,,,,,,,,,,,,,,,,,
Small Intestine,small intestine,UBERON:0002108,duodenum,duodenum,UBERON:0002114,duodenal ampulla,duodenal ampulla,UBERON:0013644,mucosa,,,,,,,,,,,,,,,,,,,,,,,,,,,,,,,,,,,,,,,,,,,,,,,,,,,,,,,,,,,,,,,,,,,,,,,,,,,,,,,,,,,,,,,,,,,,,,,,,,,,,,,,,,,,,,,,,,,,
Small Intestine,small intestine,UBERON:0002108,duodenum,duodenum,UBERON:0002114,duodenal ampulla,duodenal ampulla,UBERON:0013644,mucosa,,,,,,,,,,,,,,,,,,,,,,,,,,,,,,,,,,,,,,,,,,,,,,,,,,,,,,,,,,,,,,,,,,,,,,,,,,,,,,,,,,,,,,,,,,,,,,,,,,,,,,,,,,,,,,,,,,,,
Small Intestine,small intestine,UBERON:0002108,duodenum,duodenum,UBERON:0002114,duodenal ampulla,duodenal ampulla,UBERON:0013644,mucosa,,,,,,,,,,,,,,,,,,,,,,,,,,,,,,,,,,,,,,,,,,,,,,,,,,,,,,,,,,,,,,,,,,,,,,,,,,,,,,,,,,,,,,,,,,,,,,,,,,,,,,,,,,,,,,,,,,,,
Small Intestine,small intestine,UBERON:0002108,duodenum,duodenum,UBERON:0002114,duodenal ampulla,duodenal ampulla,UBERON:0013644,mucosa,,,,,,,,,,,,,,,,,,,,,,,,,,,,,,,,,,,,,,,,,,,,,,,,,,,,,,,,,,,,,,,,,,,,,,,,,,,,,,,,,,,,,,,,,,,,,,,,,,,,,,,,,,,,,,,,,,,,
Small Intestine,small intestine,UBERON:0002108,duodenum,duodenum,UBERON:0002114,duodenal ampulla,duodenal ampulla,UBERON:0013644,mucosa,,,,,,,,,,,,,,,,,,,,,,,,,,,,,,,,,,,,,,,,,,,,,,,,,,,,,,,,,,,,,,,,,,,,,,,,,,,,,,,,,,,,,,,,,,,,,,,,,,,,,,,,,,,,,,,,,,,,
Small Intestine,small intestine,UBERON:0002108,duodenum,duodenum,UBERON:0002114,duodenal ampulla,duodenal ampulla,UBERON:0013644,mucosa,,,,,,,,,,,,,,,,,,,,,,,,,,,,,,,,,,,,,,,,,,,,,,,,,,,,,,,,,,,,,,,,,,,,,,,,,,,,,,,,,,,,,,,,,,,,,,,,,,,,,,,,,,,,,,,,,,,,
Small Intestine,small intestine,UBERON:0002108,duodenum,duodenum,UBERON:0002114,duodenal ampulla,duodenal ampulla,UBERON:0013644,mucosa,,,,,,,,,,,,,,,,,,,,,,,,,,,,,,,,,,,,,,,,,,,,,,,,,,,,,,,,,,,,,,,,,,,,,,,,,,,,,,,,,,,,,,,,,,,,,,,,,,,,,,,,,,,,,,,,,,,,
Small Intestine,small intestine,UBERON:0002108,duodenum,duodenum,UBERON:0002114,duodenal ampulla,duodenal ampulla,UBERON:0013644,mucosa,,,,,,,,,,,,,,,,,,,,,,,,,,,,,,,,,,,,,,,,,,,,,,,,,,,,,,,,,,,,,,,,,,,,,,,,,,,,,,,,,,,,,,,,,,,,,,,,,,,,,,,,,,,,,,,,,,,,
Small Intestine,small intestine,UBERON:0002108,duodenum,duodenum,UBERON:0002114,duodenal ampulla,duodenal ampulla,UBERON:0013644,mucosa,,,,,,,,,,,,,,,,,,,,,,,,,,,,,,,,,,,,,,,,,,,,,,,,,,,,,,,,,,,,,,,,,,,,,,,,,,,,,,,,,,,,,,,,,,,,,,,,,,,,,,,,,,,,,,,,,,,,
Small Intestine,small intestine,UBERON:0002108,duodenum,duodenum,UBERON:0002114,duodenal ampulla,duodenal ampulla,UBERON:0013644,mucosa,,,,,,,,,,,,,,,,,,,,,,,,,,,,,,,,,,,,,,,,,,,,,,,,,,,,,,,,,,,,,,,,,,,,,,,,,,,,,,,,,,,,,,,,,,,,,,,,,,,,,,,,,,,,,,,,,,,,
Small Intestine,small intestine,UBERON:0002108,duodenum,duodenum,UBERON:0002114,duodenal ampulla,duodenal ampulla,UBERON:0013644,mucosa,,,,,,,,,,,,,,,,,,,,,,,,,,,,,,,,,,,,,,,,,,,,,,,,,,,,,,,,,,,,,,,,,,,,,,,,,,,,,,,,,,,,,,,,,,,,,,,,,,,,,,,,,,,,,,,,,,,,
Small Intestine,small intestine,UBERON:0002108,duodenum,duodenum,UBERON:0002114,duodenal ampulla,duodenal ampulla,UBERON:0013644,mucosa,,,,,,,,,,,,,,,,,,,,,,,,,,,,,,,,,,,,,,,,,,,,,,,,,,,,,,,,,,,,,,,,,,,,,,,,,,,,,,,,,,,,,,,,,,,,,,,,,,,,,,,,,,,,,,,,,,,,
Small Intestine,small intestine,UBERON:0002108,duodenum,duodenum,UBERON:0002114,duodenal ampulla,duodenal ampulla,UBERON:0013644,mucosa,,,,,,,,,,,,,,,,,,,,,,,,,,,,,,,,,,,,,,,,,,,,,,,,,,,,,,,,,,,,,,,,,,,,,,,,,,,,,,,,,,,,,,,,,,,,,,,,,,,,,,,,,,,,,,,,,,,,
Small Intestine,small intestine,UBERON:0002108,duodenum,duodenum,UBERON:0002114,duodenal ampulla,duodenal ampulla,UBERON:0013644,mucosa,,,,,,,,,,,,,,,,,,,,,,,,,,,,,,,,,,,,,,,,,,,,,,,,,,,,,,,,,,,,,,,,,,,,,,,,,,,,,,,,,,,,,,,,,,,,,,,,,,,,,,,,,,,,,,,,,,,,
Small Intestine,small intestine,UBERON:0002108,duodenum,duodenum,UBERON:0002114,duodenal ampulla,duodenal ampulla,UBERON:0013644,mucosa,,,,,,,,,,,,,,,,,,,,,,,,,,,,,,,,,,,,,,,,,,,,,,,,,,,,,,,,,,,,,,,,,,,,,,,,,,,,,,,,,,,,,,,,,,,,,,,,,,,,,,,,,,,,,,,,,,,,
Small Intestine,small intestine,UBERON:0002108,duodenum,duodenum,UBERON:0002114,duodenal ampulla,duodenal ampulla,UBERON:0013644,mucosa,,,,,,,,,,,,,,,,,,,,,,,,,,,,,,,,,,,,,,,,,,,,,,,,,,,,,,,,,,,,,,,,,,,,,,,,,,,,,,,,,,,,,,,,,,,,,,,,,,,,,,,,,,,,,,,,,,,,
Small Intestine,small intestine,UBERON:0002108,duodenum,duodenum,UBERON:0002114,duodenal ampulla,duodenal ampulla,UBERON:0013644,mucosa,,,,,,,,,,,,,,,,,,,,,,,,,,,,,,,,,,,,,,,,,,,,,,,,,,,,,,,,,,,,,,,,,,,,,,,,,,,,,,,,,,,,,,,,,,,,,,,,,,,,,,,,,,,,,,,,,,,,
Small Intestine,small intestine,UBERON:0002108,duodenum,duodenum,UBERON:0002114,duodenal ampulla,duodenal ampulla,UBERON:0013644,mucosa,,,,,,,,,,,,,,,,,,,,,,,,,,,,,,,,,,,,,,,,,,,,,,,,,,,,,,,,,,,,,,,,,,,,,,,,,,,,,,,,,,,,,,,,,,,,,,,,,,,,,,,,,,,,,,,,,,,,
Small Intestine,small intestine,UBERON:0002108,duodenum,duodenum,UBERON:0002114,duodenal ampulla,duodenal ampulla,UBERON:0013644,mucosa,,,,,,,,,,,,,,,,,,,,,,,,,,,,,,,,,,,,,,,,,,,,,,,,,,,,,,,,,,,,,,,,,,,,,,,,,,,,,,,,,,,,,,,,,,,,,,,,,,,,,,,,,,,,,,,,,,,,
Small Intestine,small intestine,UBERON:0002108,duodenum,duodenum,UBERON:0002114,duodenal ampulla,duodenal ampulla,UBERON:0013644,mucosa,,,,,,,,,,,,,,,,,,,,,,,,,,,,,,,,,,,,,,,,,,,,,,,,,,,,,,,,,,,,,,,,,,,,,,,,,,,,,,,,,,,,,,,,,,,,,,,,,,,,,,,,,,,,,,,,,,,,
Small Intestine,small intestine,UBERON:0002108,duodenum,duodenum,UBERON:0002114,duodenal ampulla,duodenal ampulla,UBERON:0013644,mucosa,,,,,,,,,,,,,,,,,,,,,,,,,,,,,,,,,,,,,,,,,,,,,,,,,,,,,,,,,,,,,,,,,,,,,,,,,,,,,,,,,,,,,,,,,,,,,,,,,,,,,,,,,,,,,,,,,,,,
Small Intestine,small intestine,UBERON:0002108,duodenum,duodenum,UBERON:0002114,duodenal ampulla,duodenal ampulla,UBERON:0013644,mucosa,,,,,,,,,,,,,,,,,,,,,,,,,,,,,,,,,,,,,,,,,,,,,,,,,,,,,,,,,,,,,,,,,,,,,,,,,,,,,,,,,,,,,,,,,,,,,,,,,,,,,,,,,,,,,,,,,,,,
Small Intestine,small intestine,UBERON:0002108,duodenum,duodenum,UBERON:0002114,duodenal ampulla,duodenal ampulla,UBERON:0013644,mucosa,,,,,,,,,,,,,,,,,,,,,,,,,,,,,,,,,,,,,,,,,,,,,,,,,,,,,,,,,,,,,,,,,,,,,,,,,,,,,,,,,,,,,,,,,,,,,,,,,,,,,,,,,,,,,,,,,,,,
Small Intestine,small intestine,UBERON:0002108,duodenum,duodenum,UBERON:0002114,duodenal ampulla,duodenal ampulla,UBERON:0013644,mucosa,,,,,,,,,,,,,,,,,,,,,,,,,,,,,,,,,,,,,,,,,,,,,,,,,,,,,,,,,,,,,,,,,,,,,,,,,,,,,,,,,,,,,,,,,,,,,,,,,,,,,,,,,,,,,,,,,,,,
Small Intestine,small intestine,UBERON:0002108,duodenum,duodenum,UBERON:0002114,duodenal ampulla,duodenal ampulla,UBERON:0013644,mucosa,,,,,,,,,,,,,,,,,,,,,,,,,,,,,,,,,,,,,,,,,,,,,,,,,,,,,,,,,,,,,,,,,,,,,,,,,,,,,,,,,,,,,,,,,,,,,,,,,,,,,,,,,,,,,,,,,,,,
Small Intestine,small intestine,UBERON:0002108,duodenum,duodenum,UBERON:0002114,duodenal ampulla,duodenal ampulla,UBERON:0013644,submucosa,,,,,,,,,,,,,,,,,,,,,,,,,,,,,,,,,,,,,,,,,,,,,,,,,,,,,,,,,,,,,,,,,,,,,,,,,,,,,,,,,,,,,,,,,,,,,,,,,,,,,,,,,,,,,,,,,,,,
Small Intestine,small intestine,UBERON:0002108,duodenum,duodenum,UBERON:0002114,duodenal ampulla,duodenal ampulla,UBERON:0013644,submucosa,,,,,,,,,,,,,,,,,,,,,,,,,,,,,,,,,,,,,,,,,,,,,,,,,,,,,,,,,,,,,,,,,,,,,,,,,,,,,,,,,,,,,,,,,,,,,,,,,,,,,,,,,,,,,,,,,,,,
Small Intestine,small intestine,UBERON:0002108,duodenum,duodenum,UBERON:0002114,duodenal ampulla,duodenal ampulla,UBERON:0013644,submucosa,,,,,,,,,,,,,,,,,,,,,,,,,,,,,,,,,,,,,,,,,,,,,,,,,,,,,,,,,,,,,,,,,,,,,,,,,,,,,,,,,,,,,,,,,,,,,,,,,,,,,,,,,,,,,,,,,,,,
Small Intestine,small intestine,UBERON:0002108,duodenum,duodenum,UBERON:0002114,duodenal ampulla,duodenal ampulla,UBERON:0013644,submucosa,,,,,,,,,,,,,,,,,,,,,,,,,,,,,,,,,,,,,,,,,,,,,,,,,,,,,,,,,,,,,,,,,,,,,,,,,,,,,,,,,,,,,,,,,,,,,,,,,,,,,,,,,,,,,,,,,,,,
Small Intestine,small intestine,UBERON:0002108,duodenum,duodenum,UBERON:0002114,duodenal ampulla,duodenal ampulla,UBERON:0013644,submucosa,,,,,,,,,,,,,,,,,,,,,,,,,,,,,,,,,,,,,,,,,,,,,,,,,,,,,,,,,,,,,,,,,,,,,,,,,,,,,,,,,,,,,,,,,,,,,,,,,,,,,,,,,,,,,,,,,,,,
Small Intestine,small intestine,UBERON:0002108,duodenum,duodenum,UBERON:0002114,duodenal ampulla,duodenal ampulla,UBERON:0013644,muscularis propria,,,,,,,,,,,,,,,,,,,,,,,,,,,,,,,,,,,,,,,,,,,,,,,,,,,,,,,,,,,,,,,,,,,,,,,,,,,,,,,,,,,,,,,,,,,,,,,,,,,,,,,,,,,,,,,,,,,,
Small Intestine,small intestine,UBERON:0002108,duodenum,duodenum,UBERON:0002114,duodenal ampulla,duodenal ampulla,UBERON:0013644,muscularis propria,,,,,,,,,,,,,,,,,,,,,,,,,,,,,,,,,,,,,,,,,,,,,,,,,,,,,,,,,,,,,,,,,,,,,,,,,,,,,,,,,,,,,,,,,,,,,,,,,,,,,,,,,,,,,,,,,,,,
Small Intestine,small intestine,UBERON:0002108,duodenum,duodenum,UBERON:0002114,duodenal ampulla,duodenal ampulla,UBERON:0013644,muscularis propria,,,,,,,,,,,,,,,,,,,,,,,,,,,,,,,,,,,,,,,,,,,,,,,,,,,,,,,,,,,,,,,,,,,,,,,,,,,,,,,,,,,,,,,,,,,,,,,,,,,,,,,,,,,,,,,,,,,,
Small Intestine,small intestine,UBERON:0002108,duodenum,duodenum,UBERON:0002114,duodenal ampulla,duodenal ampulla,UBERON:0013644,muscularis propria,,,,,,,,,,,,,,,,,,,,,,,,,,,,,,,,,,,,,,,,,,,,,,,,,,,,,,,,,,,,,,,,,,,,,,,,,,,,,,,,,,,,,,,,,,,,,,,,,,,,,,,,,,,,,,,,,,,,
Small Intestine,small intestine,UBERON:0002108,duodenum,duodenum,UBERON:0002114,duodenal ampulla,duodenal ampulla,UBERON:0013644,muscularis propria,,,,,,,,,,,,,,,,,,,,,,,,,,,,,,,,,,,,,,,,,,,,,,,,,,,,,,,,,,,,,,,,,,,,,,,,,,,,,,,,,,,,,,,,,,,,,,,,,,,,,,,,,,,,,,,,,,,,
Small Intestine,small intestine,UBERON:0002108,duodenum,duodenum,UBERON:0002114,duodenal ampulla,duodenal ampulla,UBERON:0013644,muscularis propria,,,,,,,,,,,,,,,,,,,,,,,,,,,,,,,,,,,,,,,,,,,,,,,,,,,,,,,,,,,,,,,,,,,,,,,,,,,,,,,,,,,,,,,,,,,,,,,,,,,,,,,,,,,,,,,,,,,,
Small Intestine,small intestine,UBERON:0002108,duodenum,duodenum,UBERON:0002114,duodenal ampulla,duodenal ampulla,UBERON:0013644,muscularis propria,,,,,,,,,,,,,,,,,,,,,,,,,,,,,,,,,,,,,,,,,,,,,,,,,,,,,,,,,,,,,,,,,,,,,,,,,,,,,,,,,,,,,,,,,,,,,,,,,,,,,,,,,,,,,,,,,,,,
Small Intestine,small intestine,UBERON:0002108,duodenum,duodenum,UBERON:0002114,duodenal ampulla,duodenal ampulla,UBERON:0013644,serosa,,,,,,,,,,,,,,,,,,,,,,,,,,,,,,,,,,,,,,,,,,,,,,,,,,,,,,,,,,,,,,,,,,,,,,,,,,,,,,,,,,,,,,,,,,,,,,,,,,,,,,,,,,,,,,,,,,,,
Small Intestine,small intestine,UBERON:0002108,duodenum,duodenum,UBERON:0002114,duodenal ampulla,duodenal ampulla,UBERON:0013644,serosa,,,,,,,,,,,,,,,,,,,,,,,,,,,,,,,,,,,,,,,,,,,,,,,,,,,,,,,,,,,,,,,,,,,,,,,,,,,,,,,,,,,,,,,,,,,,,,,,,,,,,,,,,,,,,,,,,,,,
Small Intestine,small intestine,UBERON:0002108,duodenum,duodenum,UBERON:0002114,duodenal ampulla,duodenal ampulla,UBERON:0013644,serosa,,,,,,,,,,,,,,,,,,,,,,,,,,,,,,,,,,,,,,,,,,,,,,,,,,,,,,,,,,,,,,,,,,,,,,,,,,,,,,,,,,,,,,,,,,,,,,,,,,,,,,,,,,,,,,,,,,,,
Small Intestine,small intestine,UBERON:0002108,duodenum,duodenum,UBERON:0002114,superior duodenum,superior part of duodenum,FMA:7206,mucosa,duodenal mucosa,UBERON:0000320,Epithelium,duodenal epithelium,UBERON:0008346,,,,Paneth cell,paneth cell of epithelium proper of small intestine,CL:1000344,"LYZ, DEFA5",LYZ,lysozyme,HGNC:6740,DEFA5,defensin alpha 5,HGNC:2764,,,,,,,,,,,,,,,,,,,,,,,,,alpha Defensin 5a,,,,,,,,,,,,,,,,,,,,,,,,,,,,,,,,,,,,,,,,,,,,,,,,,,,,,,,,,DOI: 10.1016/j.celrep.2021.108819,,,,,,,,,,,,,,,,
Small Intestine,small intestine,UBERON:0002108,duodenum,duodenum,UBERON:0002114,superior duodenum,superior part of duodenum,FMA:7206,mucosa,duodenal mucosa,UBERON:0000320,Epithelium,duodenal epithelium,UBERON:0008346,,,,goblet cell,duodenal goblet cell,CL:1000324,"MUC2, ITLN1, SLC26A2, CLCA4",MUC2,,,ITLN1,,,SLC26A2,,,CLCA4,,,,,,,,,,,,,,,,,,,,,MUC2 ITLN1,,,,,,,,,,,,,,,,,,,,,,,,,,,,,,,,,,,,,,,,,,,,,,,,,,,,,,,,,DOI: 10.1016/j.celrep.2021.108819,,,,,,,,,,,,,,,,
Small Intestine,small intestine,UBERON:0002108,duodenum,duodenum,UBERON:0002114,superior duodenum,superior part of duodenum,FMA:7206,mucosa,duodenal mucosa,UBERON:0000320,Epithelium,duodenal epithelium,UBERON:0008346,,,,tuft cell,,,"DCLK1, IRF7, SELENBP1",DCLK1,,,IRF7,,,SELENBP1,,,,,,,,,,,,,,,,,,,,,,,,DCLKAM1,,,,,,,,,,,,,,,,,,,,,,,,,,,,,,,,,,,,,,,,,,,,,,,,,,,,,,,,,DOI: 10.1016/j.celrep.2021.108819,,,,,,,,,,,,,,,,
Small Intestine,small intestine,UBERON:0002108,duodenum,duodenum,UBERON:0002114,superior duodenum,superior part of duodenum,FMA:7206,mucosa,duodenal mucosa,UBERON:0000320,Epithelium,duodenal epithelium,UBERON:0008346,,,,absorptive,,,"CA2, SI",CA2,,,SI,,,,,,,,,,,,,,,,,,,,,,,,,,,,,,,,,,,,,,,,,,,,,,,,,,,,,,,,,,,,,,,,,,,,,,,,,,,,,,,,,,,,,,,,,,,,,,,,,,,,
Small Intestine,small intestine,UBERON:0002108,duodenum,duodenum,UBERON:0002114,superior duodenum,superior part of duodenum,FMA:7206,mucosa,duodenal mucosa,UBERON:0000320,Epithelium,duodenal epithelium,UBERON:0008346,,,,enterocyte,,,"BEST4, CA7, NEURL1, HES1",BEST4,,,CA7,,,NEURL1,,,HES1,,,,,,,,,,,,,,,,,,,,,,,,,,,,,,,,,,,,,,,,,,,,,,,,,,,,,,,,,,,,,,,,,,,,,,,,,,,,,,DOI: 10.1016/j.celrep.2021.108819,,,,,,,,,,,,,,,,
Small Intestine,small intestine,UBERON:0002108,duodenum,duodenum,UBERON:0002114,superior duodenum,superior part of duodenum,FMA:7206,mucosa,duodenal mucosa,UBERON:0000320,Epithelium,duodenal epithelium,UBERON:0008346,,,,endocrine lineage cell,,,CRYBA2,CRYBA2,,,,,,,,,,,,,,,,,,,,,,,,,,,,,,"Chromogranin, Synaptophysin",,,,,,,,,,,,,,,,,,,,,,,,,,,,,,,,,,,,,,,,,,,,,,,,,,,,,,,,,DOI: 10.1016/j.celrep.2021.108819,,,,,,,,,,,,,,,,
Small Intestine,small intestine,UBERON:0002108,duodenum,duodenum,UBERON:0002114,superior duodenum,superior part of duodenum,FMA:7206,mucosa,duodenal mucosa,UBERON:0000320,Epithelium,duodenal epithelium,UBERON:0008346,,,,stem cell,,,"LGR5, ASCL2, CDHR1, BIRC3, MYL9",LGR5,,,ASCL2,,,OLFM4,,,RNF43,,,,,,,,,,,,,,,,,,,,,"CD34, SOX9, CD44",,,,,,,,,,,,,,,,,,,,,,,,,,,,,,,,,,,,,,,,,,,,,,,,,,,,,,,,,DOI: 10.1016/j.celrep.2021.108819,,,,,,,,,,,,,,,,
Small Intestine,small intestine,UBERON:0002108,duodenum,duodenum,UBERON:0002114,superior duodenum,superior part of duodenum,FMA:7206,mucosa,duodenal mucosa,UBERON:0000320,Epithelium,duodenal epithelium,UBERON:0008346,,,,BCHE (butyrylcholinesterase) cell,,,,BEST4,,,CFTR,,,guanylin,,,uroguanylin,,,,,,,,,,,,,,,,,,,,,,,,,,,,,,,,,,,,,,,,,,,,,,,,,,,,,,,,,,,,,,,,,,,,,,,,,,,,,,DOI: 10.1016/j.celrep.2021.108819,,,,,,,,,,,,,,,,
Small Intestine,small intestine,UBERON:0002108,duodenum,duodenum,UBERON:0002114,superior duodenum,superior part of duodenum,FMA:7206,mucosa,duodenal mucosa,UBERON:0000320,Lamina propria/Gut associated lymphoid tissue (GALT),duodenum lamina propria,UBERON:0015834,,,,endothelial,,,"CD36, SOX17",,,,,,,,,,,,,,,,,,,,,,,,,,,,,,,"CD31, CD34, CD36",,,,,,,,,,,,,,,,,,,,,,,,,,,,,,,,,,,,,,,,,,,,,,,,,,,,,,,,,,,,,,,,,,,,,,,,,
Small Intestine,small intestine,UBERON:0002108,duodenum,duodenum,UBERON:0002114,superior duodenum,superior part of duodenum,FMA:7206,mucosa,duodenal mucosa,UBERON:0000320,Lamina propria/Gut associated lymphoid tissue (GALT),duodenum lamina propria,UBERON:0015834,,,,lymphatic,,,,,,,,,,,,,,,,,,,,,,,,,,,,,,,,,,"CD31, Podoplanin",,,,,,,,,,,,,,,,,,,,,,,,,,,,,,,,,,,,,,,,,,,,,,,,,,,,,,,,,,,,,,,,,,,,,,,,,
Small Intestine,small intestine,UBERON:0002108,duodenum,duodenum,UBERON:0002114,superior duodenum,superior part of duodenum,FMA:7206,mucosa,duodenal mucosa,UBERON:0000320,Lamina propria/Gut associated lymphoid tissue (GALT),duodenum lamina propria,UBERON:0015834,,,,myofibroblast,,,"TP53I3, DES, ACTG2, CNN1",TP53I3,,,DES,,,ACTG2,,,CNN1,,,,,,,,,,,,,,,,,,,,,,,,,,,,,,,,,,,,,,,,,,,,,,,,,,,,,,,,,,,,,,,,,,,,,,,,,,,,,,,,,,,,,,,,,,,,,,
Small Intestine,small intestine,UBERON:0002108,duodenum,duodenum,UBERON:0002114,superior duodenum,superior part of duodenum,FMA:7206,mucosa,duodenal mucosa,UBERON:0000320,Lamina propria/Gut associated lymphoid tissue (GALT),duodenum lamina propria,UBERON:0015834,,,,fibroblast,,,"COL6A1, COL6A2",COL6A1,,,COL6A2,,,,,,,,,,,,,,,,,,,,,,,,,,,"Col6A1, Col6A2",,,,,,,,,,,,,,,,,,,,,,,,,,,,,,,,,,,,,,,,,,,,,,,,,,,,,,,,,,,,,,,,,,,,,,,,,
Small Intestine,small intestine,UBERON:0002108,duodenum,duodenum,UBERON:0002114,superior duodenum,superior part of duodenum,FMA:7206,mucosa,duodenal mucosa,UBERON:0000320,Lamina propria/Gut associated lymphoid tissue (GALT),duodenum lamina propria,UBERON:0015834,,,,nerve,,,,,,,,,,,,,,,,,,,,,,,,,,,,,,,,,,"PDL1, CD56, PGP9.5",PDL1,,,CD56,,,PGP9.5,,,,,,,,,,,,,,,,,,,,,,,,,,,,,,,,,,,,,,,,,,,,,,,,,,,,,,,,,,,,,,,,,,
Small Intestine,small intestine,UBERON:0002108,duodenum,duodenum,UBERON:0002114,superior duodenum,superior part of duodenum,FMA:7206,mucosa,duodenal mucosa,UBERON:0000320,Lamina propria/Gut associated lymphoid tissue (GALT),duodenum lamina propria,UBERON:0015834,,,,M cell,,,,,,,,,,,,,,,,,,,,,,,,,,,,,,,,,,Cytokeratin 7,Cytokeratin 7,,,,,,,,,,,,,,,,,,,,,,,,,,,,,,,,,,,,,,,,,,,,,,,,,,,,,,,,,,,,,,,,,,,,,,,,
Small Intestine,small intestine,UBERON:0002108,duodenum,duodenum,UBERON:0002114,superior duodenum,superior part of duodenum,FMA:7206,mucosa,duodenal mucosa,UBERON:0000320,Lamina propria/Gut associated lymphoid tissue (GALT),duodenum lamina propria,UBERON:0015834,,,,B cell,,,"MKI67, PAX5, MS4A1",MKI67,,,MS4A1,,,PAX5,,,,,,,,,,,,,,,,,,,,,,,,"CD21, CD19",CD21,,,CD19,,,,,,,,,,,,,,,,,,,,,,,,,,,,,,,,,,,,,,,,,,,,,,,,,,,,,,,,,,,,,,,,,,,,,
Small Intestine,small intestine,UBERON:0002108,duodenum,duodenum,UBERON:0002114,superior duodenum,superior part of duodenum,FMA:7206,mucosa,duodenal mucosa,UBERON:0000320,Lamina propria/Gut associated lymphoid tissue (GALT),duodenum lamina propria,UBERON:0015834,,,,plasma,,,IGLL5,IGLL5,,,,,,,,,,,,,,,,,,,,,,,,,,,,,,CD138,CD138,,,,,,,,,,,,,,,,,,,,,,,,,,,,,,,,,,,,,,,,,,,,,,,,,,,,,,,,,,,,,,,,,,,,,,,,
Small Intestine,small intestine,UBERON:0002108,duodenum,duodenum,UBERON:0002114,superior duodenum,superior part of duodenum,FMA:7206,mucosa,duodenal mucosa,UBERON:0000320,Lamina propria/Gut associated lymphoid tissue (GALT),duodenum lamina propria,UBERON:0015834,,,,CD4+ T,,,"CD3D, CD2, CD4",CD3D,,,CD2,,,CD4,,,,,,,,,,,,,,,,,,,,,,,,"CD3, CD7, CD2, CD5, TCRab, CD4",CD3,,,CD7,,,CD2,,,CD5,,,TCRab,,,CD4,,,,,,,,,,,,,,,,,,,,,,,,,,,,,,,,,,,,,,,,,,,,,,,,,,,,,,,,,
Small Intestine,small intestine,UBERON:0002108,duodenum,duodenum,UBERON:0002114,superior duodenum,superior part of duodenum,FMA:7206,mucosa,duodenal mucosa,UBERON:0000320,Lamina propria/Gut associated lymphoid tissue (GALT),duodenum lamina propria,UBERON:0015834,,,,regulatory CD4+ T,,,"CD4, FOXP3",,,,,,,,,,,,,,,,,,,,,,,,,,,,,,,"CD4, FOXP3, CD25",CD4,,,FOXP3,,,CD25,,,,,,,,,,,,,,,,,,,,,,,,,,,,,,,,,,,,,,,,,,,,,,,,,,,,,,,,,,,,,,,,,,
Small Intestine,small intestine,UBERON:0002108,duodenum,duodenum,UBERON:0002114,superior duodenum,superior part of duodenum,FMA:7206,mucosa,duodenal mucosa,UBERON:0000320,Lamina propria/Gut associated lymphoid tissue (GALT),duodenum lamina propria,UBERON:0015834,,,,CD8+ T,,,"MGLL, TAGLN, CD3D, CD8A, CD2",MGLL,,,TAGLN,,,CD3D,,,CD8A,,,CD2,,,,,,,,,,,,,,,,,,"CD3, CD7, CD2, CD5, TCRab, CD8",CD3,,,CD7,,,CD2,,,CD5,,,TCRab,,,CD8,,,,,,,,,,,,,,,,,,,,,,,,,,,,,,,,,,,,,,,,,,,,,,,,,,,,,,,,,
Small Intestine,small intestine,UBERON:0002108,duodenum,duodenum,UBERON:0002114,superior duodenum,superior part of duodenum,FMA:7206,mucosa,duodenal mucosa,UBERON:0000320,Lamina propria/Gut associated lymphoid tissue (GALT),duodenum lamina propria,UBERON:0015834,,,,macrophage,,,CD14,CD14,,,,,,,,,,,,,,,,,,,,,,,,,,,,,,"HLA-DR, CD163, CD206, CD11b, CD68",HLA-DR,,,CD163,,,CD206,,,CD11b,,,CD68,,,,,,,,,,,,,,,,,,,,,,,,,,,,,,,,,,,,,,,,,,,,,,,,,,,,,,,,,,,,
Small Intestine,small intestine,UBERON:0002108,duodenum,duodenum,UBERON:0002114,superior duodenum,superior part of duodenum,FMA:7206,mucosa,duodenal mucosa,UBERON:0000320,Lamina propria/Gut associated lymphoid tissue (GALT),duodenum lamina propria,UBERON:0015834,,,,eosinophil,,,,,,,,,,,,,,,,,,,,,,,,,,,,,,,,,,"CD11b, CD294",CD11b,,,CD294,,,,,,,,,,,,,,,,,,,,,,,,,,,,,,,,,,,,,,,,,,,,,,,,,,,,,,,,,,,,,,,,,,,,,
Small Intestine,small intestine,UBERON:0002108,duodenum,duodenum,UBERON:0002114,superior duodenum,superior part of duodenum,FMA:7206,mucosa,duodenal mucosa,UBERON:0000320,Lamina propria/Gut associated lymphoid tissue (GALT),duodenum lamina propria,UBERON:0015834,,,,mast cell,,,HDC,HDC,,,,,,,,,,,,,,,,,,,,,,,,,,,,,,"CD117, MCT",CD117,,,MCT,,,,,,,,,,,,,,,,,,,,,,,,,,,,,,,,,,,,,,,,,,,,,,,,,,,,,,,,,,,,,,,,,,,,,
Small Intestine,small intestine,UBERON:0002108,duodenum,duodenum,UBERON:0002114,superior duodenum,superior part of duodenum,FMA:7206,mucosa,duodenal mucosa,UBERON:0000320,Lamina propria/Gut associated lymphoid tissue (GALT),duodenum lamina propria,UBERON:0015834,,,,neutrophil,,,,,,,,,,,,,,,,,,,,,,,,,,,,,,,,,,"CD15, CD16",CD15,,,CD16,,,,,,,,,,,,,,,,,,,,,,,,,,,,,,,,,,,,,,,,,,,,,,,,,,,,,,,,,,,,,,,,,,,,,
Small Intestine,small intestine,UBERON:0002108,duodenum,duodenum,UBERON:0002114,superior duodenum,superior part of duodenum,FMA:7206,mucosa,duodenal mucosa,UBERON:0000320,Lamina propria/Gut associated lymphoid tissue (GALT),duodenum lamina propria,UBERON:0015834,,,,natural killer (NK) cell,,,,,,,,,,,,,,,,,,,,,,,,,,,,,,,,,,"CD56, CD57, CD11c, NKG2D",CD56,,,CD57,,,CD11c,,,NKG2D,,,,,,,,,,,,,,,,,,,,,,,,,,,,,,,,,,,,,,,,,,,,,,,,,,,,,,,,,,,,,,,
Small Intestine,small intestine,UBERON:0002108,duodenum,duodenum,UBERON:0002114,superior duodenum,superior part of duodenum,FMA:7206,mucosa,duodenal mucosa,UBERON:0000320,Lamina propria/Gut associated lymphoid tissue (GALT),duodenum lamina propria,UBERON:0015834,,,,dendritic cell (DC),,,,,,,,,,,,,,,,,,,,,,,,,,,,,,,,,,"HLA-DR, CD11c, CD123",HLA-DR,,,CD11c,,,CD123,,,,,,,,,,,,,,,,,,,,,,,,,,,,,,,,,,,,,,,,,,,,,,,,,,,,,,,,,,,,,,,,,,
Small Intestine,small intestine,UBERON:0002108,duodenum,duodenum,UBERON:0002114,superior duodenum,superior part of duodenum,FMA:7206,mucosa,duodenal mucosa,UBERON:0000320,Lamina propria/Gut associated lymphoid tissue (GALT),duodenum lamina propria,UBERON:0015834,,,,innate lyphoid cell (ILC),,,,,,,,,,,,,,,,,,,,,,,,,,,,,,,,,,"CD127, CD117, CD161",CD127,,,CD117,,,CD161,,,,,,,,,,,,,,,,,,,,,,,,,,,,,,,,,,,,,,,,,,,,,,,,,,,,,,,,,,,,,,,,,,
Small Intestine,small intestine,UBERON:0002108,duodenum,duodenum,UBERON:0002114,superior duodenum,superior part of duodenum,FMA:7206,mucosa,duodenal mucosa,UBERON:0000320,muscularis mucosa,muscularis mucosae of duodenum,UBERON:0012494,,,,,,,,,,,,,,,,,,,,,,,,,,,,,,,,,,,,,,,,,,,,,,,,,,,,,,,,,,,,,,,,,,,,,,,,,,,,,,,,,,,,,,,,,,,,,,,,,,,,,,,,,,,,,,,
Small Intestine,small intestine,UBERON:0002108,duodenum,duodenum,UBERON:0002114,superior duodenum,superior part of duodenum,FMA:7206,submucosa,submucosa of duodenum,UBERON:0003332,nerves,,,,,,,,,,,,,,,,,,,,,,,,,,,,,,,,,,,,,,,,,,,,,,,,,,,,,,,,,,,,,,,,,,,,,,,,,,,,,,,,,,,,,,,,,,,,,,,,,,,,,,,,,,,,,,,,,
Small Intestine,small intestine,UBERON:0002108,duodenum,duodenum,UBERON:0002114,superior duodenum,superior part of duodenum,FMA:7206,submucosa,submucosa of duodenum,UBERON:0003332,endoethlial,,,,,,,,,,,,,,,,,,,,,,,,,,,,,,,,,,,,,,,,,,,,,,,,,,,,,,,,,,,,,,,,,,,,,,,,,,,,,,,,,,,,,,,,,,,,,,,,,,,,,,,,,,,,,,,,,
Small Intestine,small intestine,UBERON:0002108,duodenum,duodenum,UBERON:0002114,superior duodenum,superior part of duodenum,FMA:7206,submucosa,submucosa of duodenum,UBERON:0003332,lymphatic,,,,,,,,,,,,,,,,,,,,,,,,,,,,,,,,,,,,,,,,,,,,,,,,,,,,,,,,,,,,,,,,,,,,,,,,,,,,,,,,,,,,,,,,,,,,,,,,,,,,,,,,,,,,,,,,,
Small Intestine,small intestine,UBERON:0002108,duodenum,duodenum,UBERON:0002114,superior duodenum,superior part of duodenum,FMA:7206,submucosa,submucosa of duodenum,UBERON:0003332,"submucosal plexus of Meissner submucosal plexus (Meissners plexus, plexus of the submucosa, plexus submucosus)",submucous nerve plexus of small intestine,UBERON:8410064,,,,nerve,,,,,,,,,,,,,,,,,,,,,,,,,,,,,,,,,,"PDL1, CD56, PGP9.5",PDL1,,,CD56,,,PGP9.5,,,,,,,,,,,,,,,,,,,,,,,,,,,,,,,,,,,,,,,,,,,,,,,,,,,,,,,,,,,,,,,,,,
Small Intestine,small intestine,UBERON:0002108,duodenum,duodenum,UBERON:0002114,superior duodenum,superior part of duodenum,FMA:7206,submucosa,submucosa of duodenum,UBERON:0003332,submucosal plexus of Meissner,submucous nerve plexus of small intestine,UBERON:8410064,,,,muscle,,,,,,,,,,,,,,,,,,,,,,,,,,,,,,,,,,aSMA,aSMA,,,,,,,,,,,,,,,,,,,,,,,,,,,,,,,,,,,,,,,,,,,,,,,,,,,,,,,,,,,,,,,,,,,,,,,,
Small Intestine,small intestine,UBERON:0002108,duodenum,duodenum,UBERON:0002114,superior duodenum,superior part of duodenum,FMA:7206,muscularis propria,small intestine smooth muscle circular layer,UBERON:0012401,,,,,,,,,,,,,,,,,,,,,,,,,,,,,,,,,,,,,,,,,,,,,,,,,,,,,,,,,,,,,,,,,,,,,,,,,,,,,,,,,,,,,,,,,,,,,,,,,,,,,,,,,,,,,,,,,,
Small Intestine,small intestine,UBERON:0002108,duodenum,duodenum,UBERON:0002114,superior duodenum,superior part of duodenum,FMA:7206,muscularis propria,small intestine smooth muscle circular layer,UBERON:0012401,,,,,,,,,,,,,,,,,,,,,,,,,,,,,,,,,,,,,,,,,,,,,,,,,,,,,,,,,,,,,,,,,,,,,,,,,,,,,,,,,,,,,,,,,,,,,,,,,,,,,,,,,,,,,,,,,,
Small Intestine,small intestine,UBERON:0002108,duodenum,duodenum,UBERON:0002114,superior duodenum,superior part of duodenum,FMA:7206,muscularis propria,small intestine smooth muscle circular layer,UBERON:0012401,,,,,,,,,,,,,,,,,,,,,,,,,,,,,,,,,,,,,,,,,,,,,,,,,,,,,,,,,,,,,,,,,,,,,,,,,,,,,,,,,,,,,,,,,,,,,,,,,,,,,,,,,,,,,,,,,,
Small Intestine,small intestine,UBERON:0002108,duodenum,duodenum,UBERON:0002114,superior duodenum,superior part of duodenum,FMA:7206,muscularis propria,small intestine smooth muscle circular layer,UBERON:0012401,,,,,,,,,,,,,,,,,,,,,,,,,,,,,,,,,,,,,,,,,,,,,,,,,,,,,,,,,,,,,,,,,,,,,,,,,,,,,,,,,,,,,,,,,,,,,,,,,,,,,,,,,,,,,,,,,,
Small Intestine,small intestine,UBERON:0002108,duodenum,duodenum,UBERON:0002114,superior duodenum,superior part of duodenum,FMA:7206,muscularis propria,small intestine smooth muscle circular layer,UBERON:0012401,,,,,,,,,,,,,,,,,,,,,,,,,,,,,,,,,,,,,,,,,,,,,,,,,,,,,,,,,,,,,,,,,,,,,,,,,,,,,,,,,,,,,,,,,,,,,,,,,,,,,,,,,,,,,,,,,,
Small Intestine,small intestine,UBERON:0002108,duodenum,duodenum,UBERON:0002114,superior duodenum,superior part of duodenum,FMA:7206,muscularis propria,small intestine smooth muscle circular layer,UBERON:0012401,,,,,,,,,,,,,,,,,,,,,,,,,,,,,,,,,,,,,,,,,,,,,,,,,,,,,,,,,,,,,,,,,,,,,,,,,,,,,,,,,,,,,,,,,,,,,,,,,,,,,,,,,,,,,,,,,,
Small Intestine,small intestine,UBERON:0002108,duodenum,duodenum,UBERON:0002114,superior duodenum,superior part of duodenum,FMA:7206,muscularis propria,small intestine smooth muscle circular layer,UBERON:0012401,,,,,,,,,,,,,,,,,,,,,,,,,,,,,,,,,,,,,,,,,,,,,,,,,,,,,,,,,,,,,,,,,,,,,,,,,,,,,,,,,,,,,,,,,,,,,,,,,,,,,,,,,,,,,,,,,,
Small Intestine,small intestine,UBERON:0002108,duodenum,duodenum,UBERON:0002114,superior duodenum,superior part of duodenum,FMA:7206,serosa,serosa of duodenum,UBERON:0003336,,,,,,,mesothelial,,,,,,,,,,,,,,,,,,,,,,,,,,,,,,,,,,Cytokeratin,Cytokeratin,,,,,,,,,,,,,,,,,,,,,,,,,,,,,,,,,,,,,,,,,,,,,,,,,,,,,,,,,,,,,,,,,,,,,,,,
Small Intestine,small intestine,UBERON:0002108,duodenum,duodenum,UBERON:0002114,superior duodenum,superior part of duodenum,FMA:7206,serosa,serosa of duodenum,UBERON:0003336,,,,,,,fibroblasts,,,"COL6A1, COL6A2",COL6A1,,,COL6A2,,,,,,,,,,,,,,,,,,,,,,,,,,,,,,,,,,,,,,,,,,,,,,,,,,,,,,,,,,,,,,,,,,,,,,,,,,,,,,,,,,,,,,,,,,,,,,,,,,,,
Small Intestine,small intestine,UBERON:0002108,duodenum,duodenum,UBERON:0002114,superior duodenum,superior part of duodenum,FMA:7206,serosa,serosa of duodenum,UBERON:0003336,,,,,,,endothelial cells,,,"NOVA2, SOX17",NOVA2,,,SOX17,,,,,,,,,,,,,,,,,,,,,,,,,,,,,,,,,,,,,,,,,,,,,,,,,,,,,,,,,,,,,,,,,,,,,,,,,,,,,,,,,,,,,,,,,,,,,,,,,,,,
Small Intestine,small intestine,UBERON:0002108,duodenum,duodenum,UBERON:0002114,descending duodenum,descending part of duodenum,FMA:14928,mucosa,,,,,,,,,,,,,,,,,,,,,,,,,,,,,,,,,,,,,,,,,,,,,,,,,,,,,,,,,,,,,,,,,,,,,,,,,,,,,,,,,,,,,,,,,,,,,,,,,,,,,,,,,,,,,,,,,,,,
Small Intestine,small intestine,UBERON:0002108,duodenum,duodenum,UBERON:0002114,descending duodenum,descending part of duodenum,FMA:14928,mucosa,,,,,,,,,,,,,,,,,,,,,,,,,,,,,,,,,,,,,,,,,,,,,,,,,,,,,,,,,,,,,,,,,,,,,,,,,,,,,,,,,,,,,,,,,,,,,,,,,,,,,,,,,,,,,,,,,,,,
Small Intestine,small intestine,UBERON:0002108,duodenum,duodenum,UBERON:0002114,descending duodenum,descending part of duodenum,FMA:14928,mucosa,,,,,,,,,,,,,,,,,,,,,,,,,,,,,,,,,,,,,,,,,,,,,,,,,,,,,,,,,,,,,,,,,,,,,,,,,,,,,,,,,,,,,,,,,,,,,,,,,,,,,,,,,,,,,,,,,,,,
Small Intestine,small intestine,UBERON:0002108,duodenum,duodenum,UBERON:0002114,descending duodenum,descending part of duodenum,FMA:14928,mucosa,,,,,,,,,,,,,,,,,,,,,,,,,,,,,,,,,,,,,,,,,,,,,,,,,,,,,,,,,,,,,,,,,,,,,,,,,,,,,,,,,,,,,,,,,,,,,,,,,,,,,,,,,,,,,,,,,,,,
Small Intestine,small intestine,UBERON:0002108,duodenum,duodenum,UBERON:0002114,descending duodenum,descending part of duodenum,FMA:14928,mucosa,,,,,,,,,,,,,,,,,,,,,,,,,,,,,,,,,,,,,,,,,,,,,,,,,,,,,,,,,,,,,,,,,,,,,,,,,,,,,,,,,,,,,,,,,,,,,,,,,,,,,,,,,,,,,,,,,,,,
Small Intestine,small intestine,UBERON:0002108,duodenum,duodenum,UBERON:0002114,descending duodenum,descending part of duodenum,FMA:14928,mucosa,,,,,,,,,,,,,,,,,,,,,,,,,,,,,,,,,,,,,,,,,,,,,,,,,,,,,,,,,,,,,,,,,,,,,,,,,,,,,,,,,,,,,,,,,,,,,,,,,,,,,,,,,,,,,,,,,,,,
Small Intestine,small intestine,UBERON:0002108,duodenum,duodenum,UBERON:0002114,descending duodenum,descending part of duodenum,FMA:14928,mucosa,,,,,,,,,,,,,,,,,,,,,,,,,,,,,,,,,,,,,,,,,,,,,,,,,,,,,,,,,,,,,,,,,,,,,,,,,,,,,,,,,,,,,,,,,,,,,,,,,,,,,,,,,,,,,,,,,,,,
Small Intestine,small intestine,UBERON:0002108,duodenum,duodenum,UBERON:0002114,descending duodenum,descending part of duodenum,FMA:14928,mucosa,,,,,,,,,,,,,,,,,,,,,,,,,,,,,,,,,,,,,,,,,,,,,,,,,,,,,,,,,,,,,,,,,,,,,,,,,,,,,,,,,,,,,,,,,,,,,,,,,,,,,,,,,,,,,,,,,,,,
Small Intestine,small intestine,UBERON:0002108,duodenum,duodenum,UBERON:0002114,descending duodenum,descending part of duodenum,FMA:14928,mucosa,,,,,,,,,,,,,,,,,,,,,,,,,,,,,,,,,,,,,,,,,,,,,,,,,,,,,,,,,,,,,,,,,,,,,,,,,,,,,,,,,,,,,,,,,,,,,,,,,,,,,,,,,,,,,,,,,,,,
Small Intestine,small intestine,UBERON:0002108,duodenum,duodenum,UBERON:0002114,descending duodenum,descending part of duodenum,FMA:14928,mucosa,,,,,,,,,,,,,,,,,,,,,,,,,,,,,,,,,,,,,,,,,,,,,,,,,,,,,,,,,,,,,,,,,,,,,,,,,,,,,,,,,,,,,,,,,,,,,,,,,,,,,,,,,,,,,,,,,,,,
Small Intestine,small intestine,UBERON:0002108,duodenum,duodenum,UBERON:0002114,descending duodenum,descending part of duodenum,FMA:14928,mucosa,,,,,,,,,,,,,,,,,,,,,,,,,,,,,,,,,,,,,,,,,,,,,,,,,,,,,,,,,,,,,,,,,,,,,,,,,,,,,,,,,,,,,,,,,,,,,,,,,,,,,,,,,,,,,,,,,,,,
Small Intestine,small intestine,UBERON:0002108,duodenum,duodenum,UBERON:0002114,descending duodenum,descending part of duodenum,FMA:14928,mucosa,,,,,,,,,,,,,,,,,,,,,,,,,,,,,,,,,,,,,,,,,,,,,,,,,,,,,,,,,,,,,,,,,,,,,,,,,,,,,,,,,,,,,,,,,,,,,,,,,,,,,,,,,,,,,,,,,,,,
Small Intestine,small intestine,UBERON:0002108,duodenum,duodenum,UBERON:0002114,descending duodenum,descending part of duodenum,FMA:14928,mucosa,,,,,,,,,,,,,,,,,,,,,,,,,,,,,,,,,,,,,,,,,,,,,,,,,,,,,,,,,,,,,,,,,,,,,,,,,,,,,,,,,,,,,,,,,,,,,,,,,,,,,,,,,,,,,,,,,,,,
Small Intestine,small intestine,UBERON:0002108,duodenum,duodenum,UBERON:0002114,descending duodenum,descending part of duodenum,FMA:14928,mucosa,,,,,,,,,,,,,,,,,,,,,,,,,,,,,,,,,,,,,,,,,,,,,,,,,,,,,,,,,,,,,,,,,,,,,,,,,,,,,,,,,,,,,,,,,,,,,,,,,,,,,,,,,,,,,,,,,,,,
Small Intestine,small intestine,UBERON:0002108,duodenum,duodenum,UBERON:0002114,descending duodenum,descending part of duodenum,FMA:14928,mucosa,,,,,,,,,,,,,,,,,,,,,,,,,,,,,,,,,,,,,,,,,,,,,,,,,,,,,,,,,,,,,,,,,,,,,,,,,,,,,,,,,,,,,,,,,,,,,,,,,,,,,,,,,,,,,,,,,,,,
Small Intestine,small intestine,UBERON:0002108,duodenum,duodenum,UBERON:0002114,descending duodenum,descending part of duodenum,FMA:14928,mucosa,,,,,,,,,,,,,,,,,,,,,,,,,,,,,,,,,,,,,,,,,,,,,,,,,,,,,,,,,,,,,,,,,,,,,,,,,,,,,,,,,,,,,,,,,,,,,,,,,,,,,,,,,,,,,,,,,,,,
Small Intestine,small intestine,UBERON:0002108,duodenum,duodenum,UBERON:0002114,descending duodenum,descending part of duodenum,FMA:14928,mucosa,,,,,,,,,,,,,,,,,,,,,,,,,,,,,,,,,,,,,,,,,,,,,,,,,,,,,,,,,,,,,,,,,,,,,,,,,,,,,,,,,,,,,,,,,,,,,,,,,,,,,,,,,,,,,,,,,,,,
Small Intestine,small intestine,UBERON:0002108,duodenum,duodenum,UBERON:0002114,descending duodenum,descending part of duodenum,FMA:14928,mucosa,,,,,,,,,,,,,,,,,,,,,,,,,,,,,,,,,,,,,,,,,,,,,,,,,,,,,,,,,,,,,,,,,,,,,,,,,,,,,,,,,,,,,,,,,,,,,,,,,,,,,,,,,,,,,,,,,,,,
Small Intestine,small intestine,UBERON:0002108,duodenum,duodenum,UBERON:0002114,descending duodenum,descending part of duodenum,FMA:14928,mucosa,,,,,,,,,,,,,,,,,,,,,,,,,,,,,,,,,,,,,,,,,,,,,,,,,,,,,,,,,,,,,,,,,,,,,,,,,,,,,,,,,,,,,,,,,,,,,,,,,,,,,,,,,,,,,,,,,,,,
Small Intestine,small intestine,UBERON:0002108,duodenum,duodenum,UBERON:0002114,descending duodenum,descending part of duodenum,FMA:14928,mucosa,,,,,,,,,,,,,,,,,,,,,,,,,,,,,,,,,,,,,,,,,,,,,,,,,,,,,,,,,,,,,,,,,,,,,,,,,,,,,,,,,,,,,,,,,,,,,,,,,,,,,,,,,,,,,,,,,,,,
Small Intestine,small intestine,UBERON:0002108,duodenum,duodenum,UBERON:0002114,descending duodenum,descending part of duodenum,FMA:14928,mucosa,,,,,,,,,,,,,,,,,,,,,,,,,,,,,,,,,,,,,,,,,,,,,,,,,,,,,,,,,,,,,,,,,,,,,,,,,,,,,,,,,,,,,,,,,,,,,,,,,,,,,,,,,,,,,,,,,,,,
Small Intestine,small intestine,UBERON:0002108,duodenum,duodenum,UBERON:0002114,descending duodenum,descending part of duodenum,FMA:14928,mucosa,,,,,,,,,,,,,,,,,,,,,,,,,,,,,,,,,,,,,,,,,,,,,,,,,,,,,,,,,,,,,,,,,,,,,,,,,,,,,,,,,,,,,,,,,,,,,,,,,,,,,,,,,,,,,,,,,,,,
Small Intestine,small intestine,UBERON:0002108,duodenum,duodenum,UBERON:0002114,descending duodenum,descending part of duodenum,FMA:14928,mucosa,,,,,,,,,,,,,,,,,,,,,,,,,,,,,,,,,,,,,,,,,,,,,,,,,,,,,,,,,,,,,,,,,,,,,,,,,,,,,,,,,,,,,,,,,,,,,,,,,,,,,,,,,,,,,,,,,,,,
Small Intestine,small intestine,UBERON:0002108,duodenum,duodenum,UBERON:0002114,descending duodenum,descending part of duodenum,FMA:14928,mucosa,,,,,,,,,,,,,,,,,,,,,,,,,,,,,,,,,,,,,,,,,,,,,,,,,,,,,,,,,,,,,,,,,,,,,,,,,,,,,,,,,,,,,,,,,,,,,,,,,,,,,,,,,,,,,,,,,,,,
Small Intestine,small intestine,UBERON:0002108,duodenum,duodenum,UBERON:0002114,descending duodenum,descending part of duodenum,FMA:14928,mucosa,,,,,,,,,,,,,,,,,,,,,,,,,,,,,,,,,,,,,,,,,,,,,,,,,,,,,,,,,,,,,,,,,,,,,,,,,,,,,,,,,,,,,,,,,,,,,,,,,,,,,,,,,,,,,,,,,,,,
Small Intestine,small intestine,UBERON:0002108,duodenum,duodenum,UBERON:0002114,descending duodenum,descending part of duodenum,FMA:14928,mucosa,,,,,,,,,,,,,,,,,,,,,,,,,,,,,,,,,,,,,,,,,,,,,,,,,,,,,,,,,,,,,,,,,,,,,,,,,,,,,,,,,,,,,,,,,,,,,,,,,,,,,,,,,,,,,,,,,,,,
Small Intestine,small intestine,UBERON:0002108,duodenum,duodenum,UBERON:0002114,descending duodenum,descending part of duodenum,FMA:14928,mucosa,,,,,,,,,,,,,,,,,,,,,,,,,,,,,,,,,,,,,,,,,,,,,,,,,,,,,,,,,,,,,,,,,,,,,,,,,,,,,,,,,,,,,,,,,,,,,,,,,,,,,,,,,,,,,,,,,,,,
Small Intestine,small intestine,UBERON:0002108,duodenum,duodenum,UBERON:0002114,descending duodenum,descending part of duodenum,FMA:14928,submucosa,,,,,,,,,,,,,,,,,,,,,,,,,,,,,,,,,,,,,,,,,,,,,,,,,,,,,,,,,,,,,,,,,,,,,,,,,,,,,,,,,,,,,,,,,,,,,,,,,,,,,,,,,,,,,,,,,,,,
Small Intestine,small intestine,UBERON:0002108,duodenum,duodenum,UBERON:0002114,descending duodenum,descending part of duodenum,FMA:14928,submucosa,,,,,,,,,,,,,,,,,,,,,,,,,,,,,,,,,,,,,,,,,,,,,,,,,,,,,,,,,,,,,,,,,,,,,,,,,,,,,,,,,,,,,,,,,,,,,,,,,,,,,,,,,,,,,,,,,,,,
Small Intestine,small intestine,UBERON:0002108,duodenum,duodenum,UBERON:0002114,descending duodenum,descending part of duodenum,FMA:14928,submucosa,,,,,,,,,,,,,,,,,,,,,,,,,,,,,,,,,,,,,,,,,,,,,,,,,,,,,,,,,,,,,,,,,,,,,,,,,,,,,,,,,,,,,,,,,,,,,,,,,,,,,,,,,,,,,,,,,,,,
Small Intestine,small intestine,UBERON:0002108,duodenum,duodenum,UBERON:0002114,descending duodenum,descending part of duodenum,FMA:14928,submucosa,,,,,,,,,,,,,,,,,,,,,,,,,,,,,,,,,,,,,,,,,,,,,,,,,,,,,,,,,,,,,,,,,,,,,,,,,,,,,,,,,,,,,,,,,,,,,,,,,,,,,,,,,,,,,,,,,,,,
Small Intestine,small intestine,UBERON:0002108,duodenum,duodenum,UBERON:0002114,descending duodenum,descending part of duodenum,FMA:14928,submucosa,,,,,,,,,,,,,,,,,,,,,,,,,,,,,,,,,,,,,,,,,,,,,,,,,,,,,,,,,,,,,,,,,,,,,,,,,,,,,,,,,,,,,,,,,,,,,,,,,,,,,,,,,,,,,,,,,,,,
Small Intestine,small intestine,UBERON:0002108,duodenum,duodenum,UBERON:0002114,descending duodenum,descending part of duodenum,FMA:14928,muscularis propria,,,,,,,,,,,,,,,,,,,,,,,,,,,,,,,,,,,,,,,,,,,,,,,,,,,,,,,,,,,,,,,,,,,,,,,,,,,,,,,,,,,,,,,,,,,,,,,,,,,,,,,,,,,,,,,,,,,,
Small Intestine,small intestine,UBERON:0002108,duodenum,duodenum,UBERON:0002114,descending duodenum,descending part of duodenum,FMA:14928,muscularis propria,,,,,,,,,,,,,,,,,,,,,,,,,,,,,,,,,,,,,,,,,,,,,,,,,,,,,,,,,,,,,,,,,,,,,,,,,,,,,,,,,,,,,,,,,,,,,,,,,,,,,,,,,,,,,,,,,,,,
Small Intestine,small intestine,UBERON:0002108,duodenum,duodenum,UBERON:0002114,descending duodenum,descending part of duodenum,FMA:14928,muscularis propria,,,,,,,,,,,,,,,,,,,,,,,,,,,,,,,,,,,,,,,,,,,,,,,,,,,,,,,,,,,,,,,,,,,,,,,,,,,,,,,,,,,,,,,,,,,,,,,,,,,,,,,,,,,,,,,,,,,,
Small Intestine,small intestine,UBERON:0002108,duodenum,duodenum,UBERON:0002114,descending duodenum,descending part of duodenum,FMA:14928,muscularis propria,,,,,,,,,,,,,,,,,,,,,,,,,,,,,,,,,,,,,,,,,,,,,,,,,,,,,,,,,,,,,,,,,,,,,,,,,,,,,,,,,,,,,,,,,,,,,,,,,,,,,,,,,,,,,,,,,,,,
Small Intestine,small intestine,UBERON:0002108,duodenum,duodenum,UBERON:0002114,descending duodenum,descending part of duodenum,FMA:14928,muscularis propria,,,,,,,,,,,,,,,,,,,,,,,,,,,,,,,,,,,,,,,,,,,,,,,,,,,,,,,,,,,,,,,,,,,,,,,,,,,,,,,,,,,,,,,,,,,,,,,,,,,,,,,,,,,,,,,,,,,,
Small Intestine,small intestine,UBERON:0002108,duodenum,duodenum,UBERON:0002114,descending duodenum,descending part of duodenum,FMA:14928,muscularis propria,,,,,,,,,,,,,,,,,,,,,,,,,,,,,,,,,,,,,,,,,,,,,,,,,,,,,,,,,,,,,,,,,,,,,,,,,,,,,,,,,,,,,,,,,,,,,,,,,,,,,,,,,,,,,,,,,,,,
Small Intestine,small intestine,UBERON:0002108,duodenum,duodenum,UBERON:0002114,descending duodenum,descending part of duodenum,FMA:14928,muscularis propria,,,,,,,,,,,,,,,,,,,,,,,,,,,,,,,,,,,,,,,,,,,,,,,,,,,,,,,,,,,,,,,,,,,,,,,,,,,,,,,,,,,,,,,,,,,,,,,,,,,,,,,,,,,,,,,,,,,,
Small Intestine,small intestine,UBERON:0002108,duodenum,duodenum,UBERON:0002114,descending duodenum,descending part of duodenum,FMA:14928,serosa,,,,,,,,,,,,,,,,,,,,,,,,,,,,,,,,,,,,,,,,,,,,,,,,,,,,,,,,,,,,,,,,,,,,,,,,,,,,,,,,,,,,,,,,,,,,,,,,,,,,,,,,,,,,,,,,,,,,
Small Intestine,small intestine,UBERON:0002108,duodenum,duodenum,UBERON:0002114,descending duodenum,descending part of duodenum,FMA:14928,serosa,,,,,,,,,,,,,,,,,,,,,,,,,,,,,,,,,,,,,,,,,,,,,,,,,,,,,,,,,,,,,,,,,,,,,,,,,,,,,,,,,,,,,,,,,,,,,,,,,,,,,,,,,,,,,,,,,,,,
Small Intestine,small intestine,UBERON:0002108,duodenum,duodenum,UBERON:0002114,descending duodenum,descending part of duodenum,FMA:14928,serosa,,,,,,,,,,,,,,,,,,,,,,,,,,,,,,,,,,,,,,,,,,,,,,,,,,,,,,,,,,,,,,,,,,,,,,,,,,,,,,,,,,,,,,,,,,,,,,,,,,,,,,,,,,,,,,,,,,,,
Small Intestine,small intestine,UBERON:0002108,duodenum,duodenum,UBERON:0002114,inferior duodenum,horizontal part of duodenum,FMA:14929,mucosa,,,,,,,,,,,,,,,,,,,,,,,,,,,,,,,,,,,,,,,,,,,,,,,,,,,,,,,,,,,,,,,,,,,,,,,,,,,,,,,,,,,,,,,,,,,,,,,,,,,,,,,,,,,,,,,,,,,,
Small Intestine,small intestine,UBERON:0002108,duodenum,duodenum,UBERON:0002114,inferior duodenum,horizontal part of duodenum,FMA:14929,mucosa,,,,,,,,,,,,,,,,,,,,,,,,,,,,,,,,,,,,,,,,,,,,,,,,,,,,,,,,,,,,,,,,,,,,,,,,,,,,,,,,,,,,,,,,,,,,,,,,,,,,,,,,,,,,,,,,,,,,
Small Intestine,small intestine,UBERON:0002108,duodenum,duodenum,UBERON:0002114,inferior duodenum,horizontal part of duodenum,FMA:14929,mucosa,,,,,,,,,,,,,,,,,,,,,,,,,,,,,,,,,,,,,,,,,,,,,,,,,,,,,,,,,,,,,,,,,,,,,,,,,,,,,,,,,,,,,,,,,,,,,,,,,,,,,,,,,,,,,,,,,,,,
Small Intestine,small intestine,UBERON:0002108,duodenum,duodenum,UBERON:0002114,inferior duodenum,horizontal part of duodenum,FMA:14929,mucosa,,,,,,,,,,,,,,,,,,,,,,,,,,,,,,,,,,,,,,,,,,,,,,,,,,,,,,,,,,,,,,,,,,,,,,,,,,,,,,,,,,,,,,,,,,,,,,,,,,,,,,,,,,,,,,,,,,,,
Small Intestine,small intestine,UBERON:0002108,duodenum,duodenum,UBERON:0002114,inferior duodenum,horizontal part of duodenum,FMA:14929,mucosa,,,,,,,,,,,,,,,,,,,,,,,,,,,,,,,,,,,,,,,,,,,,,,,,,,,,,,,,,,,,,,,,,,,,,,,,,,,,,,,,,,,,,,,,,,,,,,,,,,,,,,,,,,,,,,,,,,,,
Small Intestine,small intestine,UBERON:0002108,duodenum,duodenum,UBERON:0002114,inferior duodenum,horizontal part of duodenum,FMA:14929,mucosa,,,,,,,,,,,,,,,,,,,,,,,,,,,,,,,,,,,,,,,,,,,,,,,,,,,,,,,,,,,,,,,,,,,,,,,,,,,,,,,,,,,,,,,,,,,,,,,,,,,,,,,,,,,,,,,,,,,,
Small Intestine,small intestine,UBERON:0002108,duodenum,duodenum,UBERON:0002114,inferior duodenum,horizontal part of duodenum,FMA:14929,mucosa,,,,,,,,,,,,,,,,,,,,,,,,,,,,,,,,,,,,,,,,,,,,,,,,,,,,,,,,,,,,,,,,,,,,,,,,,,,,,,,,,,,,,,,,,,,,,,,,,,,,,,,,,,,,,,,,,,,,
Small Intestine,small intestine,UBERON:0002108,duodenum,duodenum,UBERON:0002114,inferior duodenum,horizontal part of duodenum,FMA:14929,mucosa,,,,,,,,,,,,,,,,,,,,,,,,,,,,,,,,,,,,,,,,,,,,,,,,,,,,,,,,,,,,,,,,,,,,,,,,,,,,,,,,,,,,,,,,,,,,,,,,,,,,,,,,,,,,,,,,,,,,
Small Intestine,small intestine,UBERON:0002108,duodenum,duodenum,UBERON:0002114,inferior duodenum,horizontal part of duodenum,FMA:14929,mucosa,,,,,,,,,,,,,,,,,,,,,,,,,,,,,,,,,,,,,,,,,,,,,,,,,,,,,,,,,,,,,,,,,,,,,,,,,,,,,,,,,,,,,,,,,,,,,,,,,,,,,,,,,,,,,,,,,,,,
Small Intestine,small intestine,UBERON:0002108,duodenum,duodenum,UBERON:0002114,inferior duodenum,horizontal part of duodenum,FMA:14929,mucosa,,,,,,,,,,,,,,,,,,,,,,,,,,,,,,,,,,,,,,,,,,,,,,,,,,,,,,,,,,,,,,,,,,,,,,,,,,,,,,,,,,,,,,,,,,,,,,,,,,,,,,,,,,,,,,,,,,,,
Small Intestine,small intestine,UBERON:0002108,duodenum,duodenum,UBERON:0002114,inferior duodenum,horizontal part of duodenum,FMA:14929,mucosa,,,,,,,,,,,,,,,,,,,,,,,,,,,,,,,,,,,,,,,,,,,,,,,,,,,,,,,,,,,,,,,,,,,,,,,,,,,,,,,,,,,,,,,,,,,,,,,,,,,,,,,,,,,,,,,,,,,,
Small Intestine,small intestine,UBERON:0002108,duodenum,duodenum,UBERON:0002114,inferior duodenum,horizontal part of duodenum,FMA:14929,mucosa,,,,,,,,,,,,,,,,,,,,,,,,,,,,,,,,,,,,,,,,,,,,,,,,,,,,,,,,,,,,,,,,,,,,,,,,,,,,,,,,,,,,,,,,,,,,,,,,,,,,,,,,,,,,,,,,,,,,
Small Intestine,small intestine,UBERON:0002108,duodenum,duodenum,UBERON:0002114,inferior duodenum,horizontal part of duodenum,FMA:14929,mucosa,,,,,,,,,,,,,,,,,,,,,,,,,,,,,,,,,,,,,,,,,,,,,,,,,,,,,,,,,,,,,,,,,,,,,,,,,,,,,,,,,,,,,,,,,,,,,,,,,,,,,,,,,,,,,,,,,,,,
Small Intestine,small intestine,UBERON:0002108,duodenum,duodenum,UBERON:0002114,inferior duodenum,horizontal part of duodenum,FMA:14929,mucosa,,,,,,,,,,,,,,,,,,,,,,,,,,,,,,,,,,,,,,,,,,,,,,,,,,,,,,,,,,,,,,,,,,,,,,,,,,,,,,,,,,,,,,,,,,,,,,,,,,,,,,,,,,,,,,,,,,,,
Small Intestine,small intestine,UBERON:0002108,duodenum,duodenum,UBERON:0002114,inferior duodenum,horizontal part of duodenum,FMA:14929,mucosa,,,,,,,,,,,,,,,,,,,,,,,,,,,,,,,,,,,,,,,,,,,,,,,,,,,,,,,,,,,,,,,,,,,,,,,,,,,,,,,,,,,,,,,,,,,,,,,,,,,,,,,,,,,,,,,,,,,,
Small Intestine,small intestine,UBERON:0002108,duodenum,duodenum,UBERON:0002114,inferior duodenum,horizontal part of duodenum,FMA:14929,mucosa,,,,,,,,,,,,,,,,,,,,,,,,,,,,,,,,,,,,,,,,,,,,,,,,,,,,,,,,,,,,,,,,,,,,,,,,,,,,,,,,,,,,,,,,,,,,,,,,,,,,,,,,,,,,,,,,,,,,
Small Intestine,small intestine,UBERON:0002108,duodenum,duodenum,UBERON:0002114,inferior duodenum,horizontal part of duodenum,FMA:14929,mucosa,,,,,,,,,,,,,,,,,,,,,,,,,,,,,,,,,,,,,,,,,,,,,,,,,,,,,,,,,,,,,,,,,,,,,,,,,,,,,,,,,,,,,,,,,,,,,,,,,,,,,,,,,,,,,,,,,,,,
Small Intestine,small intestine,UBERON:0002108,duodenum,duodenum,UBERON:0002114,inferior duodenum,horizontal part of duodenum,FMA:14929,mucosa,,,,,,,,,,,,,,,,,,,,,,,,,,,,,,,,,,,,,,,,,,,,,,,,,,,,,,,,,,,,,,,,,,,,,,,,,,,,,,,,,,,,,,,,,,,,,,,,,,,,,,,,,,,,,,,,,,,,
Small Intestine,small intestine,UBERON:0002108,duodenum,duodenum,UBERON:0002114,inferior duodenum,horizontal part of duodenum,FMA:14929,mucosa,,,,,,,,,,,,,,,,,,,,,,,,,,,,,,,,,,,,,,,,,,,,,,,,,,,,,,,,,,,,,,,,,,,,,,,,,,,,,,,,,,,,,,,,,,,,,,,,,,,,,,,,,,,,,,,,,,,,
Small Intestine,small intestine,UBERON:0002108,duodenum,duodenum,UBERON:0002114,inferior duodenum,horizontal part of duodenum,FMA:14929,mucosa,,,,,,,,,,,,,,,,,,,,,,,,,,,,,,,,,,,,,,,,,,,,,,,,,,,,,,,,,,,,,,,,,,,,,,,,,,,,,,,,,,,,,,,,,,,,,,,,,,,,,,,,,,,,,,,,,,,,
Small Intestine,small intestine,UBERON:0002108,duodenum,duodenum,UBERON:0002114,inferior duodenum,horizontal part of duodenum,FMA:14929,mucosa,,,,,,,,,,,,,,,,,,,,,,,,,,,,,,,,,,,,,,,,,,,,,,,,,,,,,,,,,,,,,,,,,,,,,,,,,,,,,,,,,,,,,,,,,,,,,,,,,,,,,,,,,,,,,,,,,,,,
Small Intestine,small intestine,UBERON:0002108,duodenum,duodenum,UBERON:0002114,inferior duodenum,horizontal part of duodenum,FMA:14929,mucosa,,,,,,,,,,,,,,,,,,,,,,,,,,,,,,,,,,,,,,,,,,,,,,,,,,,,,,,,,,,,,,,,,,,,,,,,,,,,,,,,,,,,,,,,,,,,,,,,,,,,,,,,,,,,,,,,,,,,
Small Intestine,small intestine,UBERON:0002108,duodenum,duodenum,UBERON:0002114,inferior duodenum,horizontal part of duodenum,FMA:14929,mucosa,,,,,,,,,,,,,,,,,,,,,,,,,,,,,,,,,,,,,,,,,,,,,,,,,,,,,,,,,,,,,,,,,,,,,,,,,,,,,,,,,,,,,,,,,,,,,,,,,,,,,,,,,,,,,,,,,,,,
Small Intestine,small intestine,UBERON:0002108,duodenum,duodenum,UBERON:0002114,inferior duodenum,horizontal part of duodenum,FMA:14929,mucosa,,,,,,,,,,,,,,,,,,,,,,,,,,,,,,,,,,,,,,,,,,,,,,,,,,,,,,,,,,,,,,,,,,,,,,,,,,,,,,,,,,,,,,,,,,,,,,,,,,,,,,,,,,,,,,,,,,,,
Small Intestine,small intestine,UBERON:0002108,duodenum,duodenum,UBERON:0002114,inferior duodenum,horizontal part of duodenum,FMA:14929,mucosa,,,,,,,,,,,,,,,,,,,,,,,,,,,,,,,,,,,,,,,,,,,,,,,,,,,,,,,,,,,,,,,,,,,,,,,,,,,,,,,,,,,,,,,,,,,,,,,,,,,,,,,,,,,,,,,,,,,,
Small Intestine,small intestine,UBERON:0002108,duodenum,duodenum,UBERON:0002114,inferior duodenum,horizontal part of duodenum,FMA:14929,mucosa,,,,,,,,,,,,,,,,,,,,,,,,,,,,,,,,,,,,,,,,,,,,,,,,,,,,,,,,,,,,,,,,,,,,,,,,,,,,,,,,,,,,,,,,,,,,,,,,,,,,,,,,,,,,,,,,,,,,
Small Intestine,small intestine,UBERON:0002108,duodenum,duodenum,UBERON:0002114,inferior duodenum,horizontal part of duodenum,FMA:14929,mucosa,,,,,,,,,,,,,,,,,,,,,,,,,,,,,,,,,,,,,,,,,,,,,,,,,,,,,,,,,,,,,,,,,,,,,,,,,,,,,,,,,,,,,,,,,,,,,,,,,,,,,,,,,,,,,,,,,,,,
Small Intestine,small intestine,UBERON:0002108,duodenum,duodenum,UBERON:0002114,inferior duodenum,horizontal part of duodenum,FMA:14929,submucosa,,,,,,,,,,,,,,,,,,,,,,,,,,,,,,,,,,,,,,,,,,,,,,,,,,,,,,,,,,,,,,,,,,,,,,,,,,,,,,,,,,,,,,,,,,,,,,,,,,,,,,,,,,,,,,,,,,,,
Small Intestine,small intestine,UBERON:0002108,duodenum,duodenum,UBERON:0002114,inferior duodenum,horizontal part of duodenum,FMA:14929,submucosa,,,,,,,,,,,,,,,,,,,,,,,,,,,,,,,,,,,,,,,,,,,,,,,,,,,,,,,,,,,,,,,,,,,,,,,,,,,,,,,,,,,,,,,,,,,,,,,,,,,,,,,,,,,,,,,,,,,,
Small Intestine,small intestine,UBERON:0002108,duodenum,duodenum,UBERON:0002114,inferior duodenum,horizontal part of duodenum,FMA:14929,submucosa,,,,,,,,,,,,,,,,,,,,,,,,,,,,,,,,,,,,,,,,,,,,,,,,,,,,,,,,,,,,,,,,,,,,,,,,,,,,,,,,,,,,,,,,,,,,,,,,,,,,,,,,,,,,,,,,,,,,
Small Intestine,small intestine,UBERON:0002108,duodenum,duodenum,UBERON:0002114,inferior duodenum,horizontal part of duodenum,FMA:14929,submucosa,,,,,,,,,,,,,,,,,,,,,,,,,,,,,,,,,,,,,,,,,,,,,,,,,,,,,,,,,,,,,,,,,,,,,,,,,,,,,,,,,,,,,,,,,,,,,,,,,,,,,,,,,,,,,,,,,,,,
Small Intestine,small intestine,UBERON:0002108,duodenum,duodenum,UBERON:0002114,inferior duodenum,horizontal part of duodenum,FMA:14929,submucosa,,,,,,,,,,,,,,,,,,,,,,,,,,,,,,,,,,,,,,,,,,,,,,,,,,,,,,,,,,,,,,,,,,,,,,,,,,,,,,,,,,,,,,,,,,,,,,,,,,,,,,,,,,,,,,,,,,,,
Small Intestine,small intestine,UBERON:0002108,duodenum,duodenum,UBERON:0002114,inferior duodenum,horizontal part of duodenum,FMA:14929,muscularis propria,,,,,,,,,,,,,,,,,,,,,,,,,,,,,,,,,,,,,,,,,,,,,,,,,,,,,,,,,,,,,,,,,,,,,,,,,,,,,,,,,,,,,,,,,,,,,,,,,,,,,,,,,,,,,,,,,,,,
Small Intestine,small intestine,UBERON:0002108,duodenum,duodenum,UBERON:0002114,inferior duodenum,horizontal part of duodenum,FMA:14929,muscularis propria,,,,,,,,,,,,,,,,,,,,,,,,,,,,,,,,,,,,,,,,,,,,,,,,,,,,,,,,,,,,,,,,,,,,,,,,,,,,,,,,,,,,,,,,,,,,,,,,,,,,,,,,,,,,,,,,,,,,
Small Intestine,small intestine,UBERON:0002108,duodenum,duodenum,UBERON:0002114,inferior duodenum,horizontal part of duodenum,FMA:14929,muscularis propria,,,,,,,,,,,,,,,,,,,,,,,,,,,,,,,,,,,,,,,,,,,,,,,,,,,,,,,,,,,,,,,,,,,,,,,,,,,,,,,,,,,,,,,,,,,,,,,,,,,,,,,,,,,,,,,,,,,,
Small Intestine,small intestine,UBERON:0002108,duodenum,duodenum,UBERON:0002114,inferior duodenum,horizontal part of duodenum,FMA:14929,muscularis propria,,,,,,,,,,,,,,,,,,,,,,,,,,,,,,,,,,,,,,,,,,,,,,,,,,,,,,,,,,,,,,,,,,,,,,,,,,,,,,,,,,,,,,,,,,,,,,,,,,,,,,,,,,,,,,,,,,,,
Small Intestine,small intestine,UBERON:0002108,duodenum,duodenum,UBERON:0002114,inferior duodenum,horizontal part of duodenum,FMA:14929,muscularis propria,,,,,,,,,,,,,,,,,,,,,,,,,,,,,,,,,,,,,,,,,,,,,,,,,,,,,,,,,,,,,,,,,,,,,,,,,,,,,,,,,,,,,,,,,,,,,,,,,,,,,,,,,,,,,,,,,,,,
Small Intestine,small intestine,UBERON:0002108,duodenum,duodenum,UBERON:0002114,inferior duodenum,horizontal part of duodenum,FMA:14929,muscularis propria,,,,,,,,,,,,,,,,,,,,,,,,,,,,,,,,,,,,,,,,,,,,,,,,,,,,,,,,,,,,,,,,,,,,,,,,,,,,,,,,,,,,,,,,,,,,,,,,,,,,,,,,,,,,,,,,,,,,
Small Intestine,small intestine,UBERON:0002108,duodenum,duodenum,UBERON:0002114,inferior duodenum,horizontal part of duodenum,FMA:14929,muscularis propria,,,,,,,,,,,,,,,,,,,,,,,,,,,,,,,,,,,,,,,,,,,,,,,,,,,,,,,,,,,,,,,,,,,,,,,,,,,,,,,,,,,,,,,,,,,,,,,,,,,,,,,,,,,,,,,,,,,,
Small Intestine,small intestine,UBERON:0002108,duodenum,duodenum,UBERON:0002114,inferior duodenum,horizontal part of duodenum,FMA:14929,serosa,,,,,,,,,,,,,,,,,,,,,,,,,,,,,,,,,,,,,,,,,,,,,,,,,,,,,,,,,,,,,,,,,,,,,,,,,,,,,,,,,,,,,,,,,,,,,,,,,,,,,,,,,,,,,,,,,,,,
Small Intestine,small intestine,UBERON:0002108,duodenum,duodenum,UBERON:0002114,inferior duodenum,horizontal part of duodenum,FMA:14929,serosa,,,,,,,,,,,,,,,,,,,,,,,,,,,,,,,,,,,,,,,,,,,,,,,,,,,,,,,,,,,,,,,,,,,,,,,,,,,,,,,,,,,,,,,,,,,,,,,,,,,,,,,,,,,,,,,,,,,,
Small Intestine,small intestine,UBERON:0002108,duodenum,duodenum,UBERON:0002114,inferior duodenum,horizontal part of duodenum,FMA:14929,serosa,,,,,,,,,,,,,,,,,,,,,,,,,,,,,,,,,,,,,,,,,,,,,,,,,,,,,,,,,,,,,,,,,,,,,,,,,,,,,,,,,,,,,,,,,,,,,,,,,,,,,,,,,,,,,,,,,,,,
Small Intestine,small intestine,UBERON:0002108,duodenum,duodenum,UBERON:0002114,ascending duodenum,ascending part of duodenum,FMA:14930,mucosa,,,,,,,,,,,,,,,,,,,,,,,,,,,,,,,,,,,,,,,,,,,,,,,,,,,,,,,,,,,,,,,,,,,,,,,,,,,,,,,,,,,,,,,,,,,,,,,,,,,,,,,,,,,,,,,,,,,,
Small Intestine,small intestine,UBERON:0002108,duodenum,duodenum,UBERON:0002114,ascending duodenum,ascending part of duodenum,FMA:14930,mucosa,,,,,,,,,,,,,,,,,,,,,,,,,,,,,,,,,,,,,,,,,,,,,,,,,,,,,,,,,,,,,,,,,,,,,,,,,,,,,,,,,,,,,,,,,,,,,,,,,,,,,,,,,,,,,,,,,,,,
Small Intestine,small intestine,UBERON:0002108,duodenum,duodenum,UBERON:0002114,ascending duodenum,ascending part of duodenum,FMA:14930,mucosa,,,,,,,,,,,,,,,,,,,,,,,,,,,,,,,,,,,,,,,,,,,,,,,,,,,,,,,,,,,,,,,,,,,,,,,,,,,,,,,,,,,,,,,,,,,,,,,,,,,,,,,,,,,,,,,,,,,,
Small Intestine,small intestine,UBERON:0002108,duodenum,duodenum,UBERON:0002114,ascending duodenum,ascending part of duodenum,FMA:14930,mucosa,,,,,,,,,,,,,,,,,,,,,,,,,,,,,,,,,,,,,,,,,,,,,,,,,,,,,,,,,,,,,,,,,,,,,,,,,,,,,,,,,,,,,,,,,,,,,,,,,,,,,,,,,,,,,,,,,,,,
Small Intestine,small intestine,UBERON:0002108,duodenum,duodenum,UBERON:0002114,ascending duodenum,ascending part of duodenum,FMA:14930,mucosa,,,,,,,,,,,,,,,,,,,,,,,,,,,,,,,,,,,,,,,,,,,,,,,,,,,,,,,,,,,,,,,,,,,,,,,,,,,,,,,,,,,,,,,,,,,,,,,,,,,,,,,,,,,,,,,,,,,,
Small Intestine,small intestine,UBERON:0002108,duodenum,duodenum,UBERON:0002114,ascending duodenum,ascending part of duodenum,FMA:14930,mucosa,,,,,,,,,,,,,,,,,,,,,,,,,,,,,,,,,,,,,,,,,,,,,,,,,,,,,,,,,,,,,,,,,,,,,,,,,,,,,,,,,,,,,,,,,,,,,,,,,,,,,,,,,,,,,,,,,,,,
Small Intestine,small intestine,UBERON:0002108,duodenum,duodenum,UBERON:0002114,ascending duodenum,ascending part of duodenum,FMA:14930,mucosa,,,,,,,,,,,,,,,,,,,,,,,,,,,,,,,,,,,,,,,,,,,,,,,,,,,,,,,,,,,,,,,,,,,,,,,,,,,,,,,,,,,,,,,,,,,,,,,,,,,,,,,,,,,,,,,,,,,,
Small Intestine,small intestine,UBERON:0002108,duodenum,duodenum,UBERON:0002114,ascending duodenum,ascending part of duodenum,FMA:14930,mucosa,,,,,,,,,,,,,,,,,,,,,,,,,,,,,,,,,,,,,,,,,,,,,,,,,,,,,,,,,,,,,,,,,,,,,,,,,,,,,,,,,,,,,,,,,,,,,,,,,,,,,,,,,,,,,,,,,,,,
Small Intestine,small intestine,UBERON:0002108,duodenum,duodenum,UBERON:0002114,ascending duodenum,ascending part of duodenum,FMA:14930,mucosa,,,,,,,,,,,,,,,,,,,,,,,,,,,,,,,,,,,,,,,,,,,,,,,,,,,,,,,,,,,,,,,,,,,,,,,,,,,,,,,,,,,,,,,,,,,,,,,,,,,,,,,,,,,,,,,,,,,,
Small Intestine,small intestine,UBERON:0002108,duodenum,duodenum,UBERON:0002114,ascending duodenum,ascending part of duodenum,FMA:14930,mucosa,,,,,,,,,,,,,,,,,,,,,,,,,,,,,,,,,,,,,,,,,,,,,,,,,,,,,,,,,,,,,,,,,,,,,,,,,,,,,,,,,,,,,,,,,,,,,,,,,,,,,,,,,,,,,,,,,,,,
Small Intestine,small intestine,UBERON:0002108,duodenum,duodenum,UBERON:0002114,ascending duodenum,ascending part of duodenum,FMA:14930,mucosa,,,,,,,,,,,,,,,,,,,,,,,,,,,,,,,,,,,,,,,,,,,,,,,,,,,,,,,,,,,,,,,,,,,,,,,,,,,,,,,,,,,,,,,,,,,,,,,,,,,,,,,,,,,,,,,,,,,,
Small Intestine,small intestine,UBERON:0002108,duodenum,duodenum,UBERON:0002114,ascending duodenum,ascending part of duodenum,FMA:14930,mucosa,,,,,,,,,,,,,,,,,,,,,,,,,,,,,,,,,,,,,,,,,,,,,,,,,,,,,,,,,,,,,,,,,,,,,,,,,,,,,,,,,,,,,,,,,,,,,,,,,,,,,,,,,,,,,,,,,,,,
Small Intestine,small intestine,UBERON:0002108,duodenum,duodenum,UBERON:0002114,ascending duodenum,ascending part of duodenum,FMA:14930,mucosa,,,,,,,,,,,,,,,,,,,,,,,,,,,,,,,,,,,,,,,,,,,,,,,,,,,,,,,,,,,,,,,,,,,,,,,,,,,,,,,,,,,,,,,,,,,,,,,,,,,,,,,,,,,,,,,,,,,,
Small Intestine,small intestine,UBERON:0002108,duodenum,duodenum,UBERON:0002114,ascending duodenum,ascending part of duodenum,FMA:14930,mucosa,,,,,,,,,,,,,,,,,,,,,,,,,,,,,,,,,,,,,,,,,,,,,,,,,,,,,,,,,,,,,,,,,,,,,,,,,,,,,,,,,,,,,,,,,,,,,,,,,,,,,,,,,,,,,,,,,,,,
Small Intestine,small intestine,UBERON:0002108,duodenum,duodenum,UBERON:0002114,ascending duodenum,ascending part of duodenum,FMA:14930,mucosa,,,,,,,,,,,,,,,,,,,,,,,,,,,,,,,,,,,,,,,,,,,,,,,,,,,,,,,,,,,,,,,,,,,,,,,,,,,,,,,,,,,,,,,,,,,,,,,,,,,,,,,,,,,,,,,,,,,,
Small Intestine,small intestine,UBERON:0002108,duodenum,duodenum,UBERON:0002114,ascending duodenum,ascending part of duodenum,FMA:14930,mucosa,,,,,,,,,,,,,,,,,,,,,,,,,,,,,,,,,,,,,,,,,,,,,,,,,,,,,,,,,,,,,,,,,,,,,,,,,,,,,,,,,,,,,,,,,,,,,,,,,,,,,,,,,,,,,,,,,,,,
Small Intestine,small intestine,UBERON:0002108,duodenum,duodenum,UBERON:0002114,ascending duodenum,ascending part of duodenum,FMA:14930,mucosa,,,,,,,,,,,,,,,,,,,,,,,,,,,,,,,,,,,,,,,,,,,,,,,,,,,,,,,,,,,,,,,,,,,,,,,,,,,,,,,,,,,,,,,,,,,,,,,,,,,,,,,,,,,,,,,,,,,,
Small Intestine,small intestine,UBERON:0002108,duodenum,duodenum,UBERON:0002114,ascending duodenum,ascending part of duodenum,FMA:14930,mucosa,,,,,,,,,,,,,,,,,,,,,,,,,,,,,,,,,,,,,,,,,,,,,,,,,,,,,,,,,,,,,,,,,,,,,,,,,,,,,,,,,,,,,,,,,,,,,,,,,,,,,,,,,,,,,,,,,,,,
Small Intestine,small intestine,UBERON:0002108,duodenum,duodenum,UBERON:0002114,ascending duodenum,ascending part of duodenum,FMA:14930,mucosa,,,,,,,,,,,,,,,,,,,,,,,,,,,,,,,,,,,,,,,,,,,,,,,,,,,,,,,,,,,,,,,,,,,,,,,,,,,,,,,,,,,,,,,,,,,,,,,,,,,,,,,,,,,,,,,,,,,,
Small Intestine,small intestine,UBERON:0002108,duodenum,duodenum,UBERON:0002114,ascending duodenum,ascending part of duodenum,FMA:14930,mucosa,,,,,,,,,,,,,,,,,,,,,,,,,,,,,,,,,,,,,,,,,,,,,,,,,,,,,,,,,,,,,,,,,,,,,,,,,,,,,,,,,,,,,,,,,,,,,,,,,,,,,,,,,,,,,,,,,,,,
Small Intestine,small intestine,UBERON:0002108,duodenum,duodenum,UBERON:0002114,ascending duodenum,ascending part of duodenum,FMA:14930,mucosa,,,,,,,,,,,,,,,,,,,,,,,,,,,,,,,,,,,,,,,,,,,,,,,,,,,,,,,,,,,,,,,,,,,,,,,,,,,,,,,,,,,,,,,,,,,,,,,,,,,,,,,,,,,,,,,,,,,,
Small Intestine,small intestine,UBERON:0002108,duodenum,duodenum,UBERON:0002114,ascending duodenum,ascending part of duodenum,FMA:14930,mucosa,,,,,,,,,,,,,,,,,,,,,,,,,,,,,,,,,,,,,,,,,,,,,,,,,,,,,,,,,,,,,,,,,,,,,,,,,,,,,,,,,,,,,,,,,,,,,,,,,,,,,,,,,,,,,,,,,,,,
Small Intestine,small intestine,UBERON:0002108,duodenum,duodenum,UBERON:0002114,ascending duodenum,ascending part of duodenum,FMA:14930,mucosa,,,,,,,,,,,,,,,,,,,,,,,,,,,,,,,,,,,,,,,,,,,,,,,,,,,,,,,,,,,,,,,,,,,,,,,,,,,,,,,,,,,,,,,,,,,,,,,,,,,,,,,,,,,,,,,,,,,,
Small Intestine,small intestine,UBERON:0002108,duodenum,duodenum,UBERON:0002114,ascending duodenum,ascending part of duodenum,FMA:14930,mucosa,,,,,,,,,,,,,,,,,,,,,,,,,,,,,,,,,,,,,,,,,,,,,,,,,,,,,,,,,,,,,,,,,,,,,,,,,,,,,,,,,,,,,,,,,,,,,,,,,,,,,,,,,,,,,,,,,,,,
Small Intestine,small intestine,UBERON:0002108,duodenum,duodenum,UBERON:0002114,ascending duodenum,ascending part of duodenum,FMA:14930,mucosa,,,,,,,,,,,,,,,,,,,,,,,,,,,,,,,,,,,,,,,,,,,,,,,,,,,,,,,,,,,,,,,,,,,,,,,,,,,,,,,,,,,,,,,,,,,,,,,,,,,,,,,,,,,,,,,,,,,,
Small Intestine,small intestine,UBERON:0002108,duodenum,duodenum,UBERON:0002114,ascending duodenum,ascending part of duodenum,FMA:14930,mucosa,,,,,,,,,,,,,,,,,,,,,,,,,,,,,,,,,,,,,,,,,,,,,,,,,,,,,,,,,,,,,,,,,,,,,,,,,,,,,,,,,,,,,,,,,,,,,,,,,,,,,,,,,,,,,,,,,,,,
Small Intestine,small intestine,UBERON:0002108,duodenum,duodenum,UBERON:0002114,ascending duodenum,ascending part of duodenum,FMA:14930,mucosa,,,,,,,,,,,,,,,,,,,,,,,,,,,,,,,,,,,,,,,,,,,,,,,,,,,,,,,,,,,,,,,,,,,,,,,,,,,,,,,,,,,,,,,,,,,,,,,,,,,,,,,,,,,,,,,,,,,,
Small Intestine,small intestine,UBERON:0002108,duodenum,duodenum,UBERON:0002114,ascending duodenum,ascending part of duodenum,FMA:14930,submucosa,,,,,,,,,,,,,,,,,,,,,,,,,,,,,,,,,,,,,,,,,,,,,,,,,,,,,,,,,,,,,,,,,,,,,,,,,,,,,,,,,,,,,,,,,,,,,,,,,,,,,,,,,,,,,,,,,,,,
Small Intestine,small intestine,UBERON:0002108,duodenum,duodenum,UBERON:0002114,ascending duodenum,ascending part of duodenum,FMA:14930,submucosa,,,,,,,,,,,,,,,,,,,,,,,,,,,,,,,,,,,,,,,,,,,,,,,,,,,,,,,,,,,,,,,,,,,,,,,,,,,,,,,,,,,,,,,,,,,,,,,,,,,,,,,,,,,,,,,,,,,,
Small Intestine,small intestine,UBERON:0002108,duodenum,duodenum,UBERON:0002114,ascending duodenum,ascending part of duodenum,FMA:14930,submucosa,,,,,,,,,,,,,,,,,,,,,,,,,,,,,,,,,,,,,,,,,,,,,,,,,,,,,,,,,,,,,,,,,,,,,,,,,,,,,,,,,,,,,,,,,,,,,,,,,,,,,,,,,,,,,,,,,,,,
Small Intestine,small intestine,UBERON:0002108,duodenum,duodenum,UBERON:0002114,ascending duodenum,ascending part of duodenum,FMA:14930,submucosa,,,,,,,,,,,,,,,,,,,,,,,,,,,,,,,,,,,,,,,,,,,,,,,,,,,,,,,,,,,,,,,,,,,,,,,,,,,,,,,,,,,,,,,,,,,,,,,,,,,,,,,,,,,,,,,,,,,,
Small Intestine,small intestine,UBERON:0002108,duodenum,duodenum,UBERON:0002114,ascending duodenum,ascending part of duodenum,FMA:14930,submucosa,,,,,,,,,,,,,,,,,,,,,,,,,,,,,,,,,,,,,,,,,,,,,,,,,,,,,,,,,,,,,,,,,,,,,,,,,,,,,,,,,,,,,,,,,,,,,,,,,,,,,,,,,,,,,,,,,,,,
Small Intestine,small intestine,UBERON:0002108,duodenum,duodenum,UBERON:0002114,ascending duodenum,ascending part of duodenum,FMA:14930,muscularis propria,,,,,,,,,,,,,,,,,,,,,,,,,,,,,,,,,,,,,,,,,,,,,,,,,,,,,,,,,,,,,,,,,,,,,,,,,,,,,,,,,,,,,,,,,,,,,,,,,,,,,,,,,,,,,,,,,,,,
Small Intestine,small intestine,UBERON:0002108,duodenum,duodenum,UBERON:0002114,ascending duodenum,ascending part of duodenum,FMA:14930,muscularis propria,,,,,,,,,,,,,,,,,,,,,,,,,,,,,,,,,,,,,,,,,,,,,,,,,,,,,,,,,,,,,,,,,,,,,,,,,,,,,,,,,,,,,,,,,,,,,,,,,,,,,,,,,,,,,,,,,,,,
Small Intestine,small intestine,UBERON:0002108,duodenum,duodenum,UBERON:0002114,ascending duodenum,ascending part of duodenum,FMA:14930,muscularis propria,,,,,,,,,,,,,,,,,,,,,,,,,,,,,,,,,,,,,,,,,,,,,,,,,,,,,,,,,,,,,,,,,,,,,,,,,,,,,,,,,,,,,,,,,,,,,,,,,,,,,,,,,,,,,,,,,,,,
Small Intestine,small intestine,UBERON:0002108,duodenum,duodenum,UBERON:0002114,ascending duodenum,ascending part of duodenum,FMA:14930,muscularis propria,,,,,,,,,,,,,,,,,,,,,,,,,,,,,,,,,,,,,,,,,,,,,,,,,,,,,,,,,,,,,,,,,,,,,,,,,,,,,,,,,,,,,,,,,,,,,,,,,,,,,,,,,,,,,,,,,,,,
Small Intestine,small intestine,UBERON:0002108,duodenum,duodenum,UBERON:0002114,ascending duodenum,ascending part of duodenum,FMA:14930,muscularis propria,,,,,,,,,,,,,,,,,,,,,,,,,,,,,,,,,,,,,,,,,,,,,,,,,,,,,,,,,,,,,,,,,,,,,,,,,,,,,,,,,,,,,,,,,,,,,,,,,,,,,,,,,,,,,,,,,,,,
Small Intestine,small intestine,UBERON:0002108,duodenum,duodenum,UBERON:0002114,ascending duodenum,ascending part of duodenum,FMA:14930,muscularis propria,,,,,,,,,,,,,,,,,,,,,,,,,,,,,,,,,,,,,,,,,,,,,,,,,,,,,,,,,,,,,,,,,,,,,,,,,,,,,,,,,,,,,,,,,,,,,,,,,,,,,,,,,,,,,,,,,,,,
Small Intestine,small intestine,UBERON:0002108,duodenum,duodenum,UBERON:0002114,ascending duodenum,ascending part of duodenum,FMA:14930,muscularis propria,,,,,,,,,,,,,,,,,,,,,,,,,,,,,,,,,,,,,,,,,,,,,,,,,,,,,,,,,,,,,,,,,,,,,,,,,,,,,,,,,,,,,,,,,,,,,,,,,,,,,,,,,,,,,,,,,,,,
Small Intestine,small intestine,UBERON:0002108,duodenum,duodenum,UBERON:0002114,ascending duodenum,ascending part of duodenum,FMA:14930,serosa,,,,,,,,,,,,,,,,,,,,,,,,,,,,,,,,,,,,,,,,,,,,,,,,,,,,,,,,,,,,,,,,,,,,,,,,,,,,,,,,,,,,,,,,,,,,,,,,,,,,,,,,,,,,,,,,,,,,
Small Intestine,small intestine,UBERON:0002108,duodenum,duodenum,UBERON:0002114,ascending duodenum,ascending part of duodenum,FMA:14930,serosa,,,,,,,,,,,,,,,,,,,,,,,,,,,,,,,,,,,,,,,,,,,,,,,,,,,,,,,,,,,,,,,,,,,,,,,,,,,,,,,,,,,,,,,,,,,,,,,,,,,,,,,,,,,,,,,,,,,,
Small Intestine,small intestine,UBERON:0002108,duodenum,duodenum,UBERON:0002114,ascending duodenum,ascending part of duodenum,FMA:14930,serosa,,,,,,,,,,,,,,,,,,,,,,,,,,,,,,,,,,,,,,,,,,,,,,,,,,,,,,,,,,,,,,,,,,,,,,,,,,,,,,,,,,,,,,,,,,,,,,,,,,,,,,,,,,,,,,,,,,,,
Small Intestine,small intestine,UBERON:0002108,jejunum,jejunum,UBERON:0002115,mucosa,jejunal mucosa,UBERON:0000399,Epithelium,jejunal epithelium,UBERON:0000400,,,,,,,epithelial stem cells,,,"LGR5, ASCL2, CDHR1, BIRC3, MYL9",,,,,,,,,,,,,,,,,,,,,,,,,,,,,,,"CD34, SOX9, CD44",CD34,,,SOX9,,,CD44,,,,,,,,,,,,,,,,,,,,,,,,,,,,,,,,,,,,,,,,,,,,,,,,,,,,,,,,,,,,,,,,,,
Small Intestine,small intestine,UBERON:0002108,jejunum,jejunum,UBERON:0002115,mucosa,jejunal mucosa,UBERON:0000399,Epithelium,jejunal epithelium,UBERON:0000400,,,,,,,Paneth,,,"LYZ, DEFA5",,,,,,,,,,,,,,,,,,,,,,,,,,,,,,,alpha Defensin 5a,alpha Defensin 5a,,,,,,,,,,,,,,,,,,,,,,,,,,,,,,,,,,,,,,,,,,,,,,,,,,,,,,,,,,,,,,,,,,,,,,,,
Small Intestine,small intestine,UBERON:0002108,jejunum,jejunum,UBERON:0002115,mucosa,jejunal mucosa,UBERON:0000399,Epithelium,jejunal epithelium,UBERON:0000400,,,,,,,endocrine,,,CRYBA2,,,,,,,,,,,,,,,,,,,,,,,,,,,,,,,"Chromogranin, Synaptophysin",Chromogranin,,,Synaptophysin,,,,,,,,,,,,,,,,,,,,,,,,,,,,,,,,,,,,,,,,,,,,,,,,,,,,,,,,,,,,,,,,,,,,,
Small Intestine,small intestine,UBERON:0002108,jejunum,jejunum,UBERON:0002115,mucosa,jejunal mucosa,UBERON:0000399,Epithelium,jejunal epithelium,UBERON:0000400,,,,,,,absorptive,,,"CA2, SI",,,,,,,,,,,,,,,,,,,,,,,,,,,,,,,,,,,,,,,,,,,,,,,,,,,,,,,,,,,,,,,,,,,,,,,,,,,,,,,,,,,,,,,,,,,,,,,,,,,,,,,,
Small Intestine,small intestine,UBERON:0002108,jejunum,jejunum,UBERON:0002115,mucosa,jejunal mucosa,UBERON:0000399,Epithelium,jejunal epithelium,UBERON:0000400,,,,,,,goblet,jejunal goblet cell,CL:1000325,"MUC2, ITLN1, SLC26A2, CLCA4",,,,,,,,,,,,,,,,,,,,,,,,,,,,,,,,,,,,,,,,,,,,,,,,,,,,,,,,,,,,,,,,,,,,,,,,,,,,,,,,,,,,,,,,,,,,,,,,,,,,,,,,
Small Intestine,small intestine,UBERON:0002108,jejunum,jejunum,UBERON:0002115,mucosa,jejunal mucosa,UBERON:0000399,Epithelium,jejunal epithelium,UBERON:0000400,,,,,,,enterocytes,,,"BEST4, CA7, NEURL1, HES1",,,,,,,,,,,,,,,,,,,,,,,,,,,,,,,,,,,,,,,,,,,,,,,,,,,,,,,,,,,,,,,,,,,,,,,,,,,,,,,,,,,,,,,,,,,,,,,,,,,,,,,,
Small Intestine,small intestine,UBERON:0002108,jejunum,jejunum,UBERON:0002115,mucosa,jejunal mucosa,UBERON:0000399,Epithelium,jejunal epithelium,UBERON:0000400,,,,,,,Tuft cells,,,"DCLK1, IRF7, SELENBP1",,,,,,,,,,,,,,,,,,,,,,,,,,,,,,,,,,,,,,,,,,,,,,,,,,,,,,,,,,,,,,,,,,,,,,,,,,,,,,,,,,,,,,,,,,,,,,,,,,,,,,,,
Small Intestine,small intestine,UBERON:0002108,jejunum,jejunum,UBERON:0002115,mucosa,jejunal mucosa,UBERON:0000399,Lamina propria/Gut associated lymphoid tissue (GALT),,,,,,,,,endothelial,,,"CD36, SOX17",,,,,,,,,,,,,,,,,,,,,,,,,,,,,,,"CD31, CD34, CD36",CD31,,,CD34,,,CD36,,,,,,,,,,,,,,,,,,,,,,,,,,,,,,,,,,,,,,,,,,,,,,,,,,,,,,,,,,,,,,,,,,
Small Intestine,small intestine,UBERON:0002108,jejunum,jejunum,UBERON:0002115,mucosa,jejunal mucosa,UBERON:0000399,Lamina propria/Gut associated lymphoid tissue (GALT),,,,,,,,,lymphatics,,,,,,,,,,,,,,,,,,,,,,,,,,,,,,,,,,"CD31, Podoplanin",CD31,,,Podoplanin,,,,,,,,,,,,,,,,,,,,,,,,,,,,,,,,,,,,,,,,,,,,,,,,,,,,,,,,,,,,,,,,,,,,,
Small Intestine,small intestine,UBERON:0002108,jejunum,jejunum,UBERON:0002115,mucosa,jejunal mucosa,UBERON:0000399,Lamina propria/Gut associated lymphoid tissue (GALT),,,,,,,,,myofibroblasts,,,"TP53I3, DES, ACTG2, CNN1",,,,,,,,,,,,,,,,,,,,,,,,,,,,,,,,,,,,,,,,,,,,,,,,,,,,,,,,,,,,,,,,,,,,,,,,,,,,,,,,,,,,,,,,,,,,,,,,,,,,,,,,
Small Intestine,small intestine,UBERON:0002108,jejunum,jejunum,UBERON:0002115,mucosa,jejunal mucosa,UBERON:0000399,Lamina propria/Gut associated lymphoid tissue (GALT),,,,,,,,,fibroblasts,,,"COL6A1, COL6A2",,,,,,,,,,,,,,,,,,,,,,,,,,,,,,,"Col6A1, Col6A2",Col6A1,,,Col6A2,,,,,,,,,,,,,,,,,,,,,,,,,,,,,,,,,,,,,,,,,,,,,,,,,,,,,,,,,,,,,,,,,,,,,
Small Intestine,small intestine,UBERON:0002108,jejunum,jejunum,UBERON:0002115,mucosa,jejunal mucosa,UBERON:0000399,Lamina propria/Gut associated lymphoid tissue (GALT),,,,,,,,,nerves,,,,,,,,,,,,,,,,,,,,,,,,,,,,,,,,,,"PDL1, CD56, PGP9.5",PDL1,,,CD56,,,PGP9.5,,,,,,,,,,,,,,,,,,,,,,,,,,,,,,,,,,,,,,,,,,,,,,,,,,,,,,,,,,,,,,,,,,
Small Intestine,small intestine,UBERON:0002108,jejunum,jejunum,UBERON:0002115,mucosa,jejunal mucosa,UBERON:0000399,Lamina propria/Gut associated lymphoid tissue (GALT),,,,,,,,,M cell,,,,,,,,,,,,,,,,,,,,,,,,,,,,,,,,,,Cytokeratin 7,Cytokeratin 7,,,,,,,,,,,,,,,,,,,,,,,,,,,,,,,,,,,,,,,,,,,,,,,,,,,,,,,,,,,,,,,,,,,,,,,,
Small Intestine,small intestine,UBERON:0002108,jejunum,jejunum,UBERON:0002115,mucosa,jejunal mucosa,UBERON:0000399,Lamina propria/Gut associated lymphoid tissue (GALT),,,,,,,,,B cell,,,"MKI67, PAX5, MS4A1",,,,,,,,,,,,,,,,,,,,,,,,,,,,,,,"CD21, CD19",CD21,,,CD19,,,,,,,,,,,,,,,,,,,,,,,,,,,,,,,,,,,,,,,,,,,,,,,,,,,,,,,,,,,,,,,,,,,,,
Small Intestine,small intestine,UBERON:0002108,jejunum,jejunum,UBERON:0002115,mucosa,jejunal mucosa,UBERON:0000399,Lamina propria/Gut associated lymphoid tissue (GALT),,,,,,,,,plasma,,,IGLL5,,,,,,,,,,,,,,,,,,,,,,,,,,,,,,,CD138,CD138,,,,,,,,,,,,,,,,,,,,,,,,,,,,,,,,,,,,,,,,,,,,,,,,,,,,,,,,,,,,,,,,,,,,,,,,
Small Intestine,small intestine,UBERON:0002108,jejunum,jejunum,UBERON:0002115,mucosa,jejunal mucosa,UBERON:0000399,Lamina propria/Gut associated lymphoid tissue (GALT),,,,,,,,,CD4+ T,,,"CD3D, CD2, CD4",,,,,,,,,,,,,,,,,,,,,,,,,,,,,,,"CD3, CD7, CD2, CD5, TCRab, CD4",CD3,,,CD7,,,CD2,,,CD5,,,TCRab,,,,CD4,,,,,,,,,,,,,,,,,,,,,,,,,,,,,,,,,,,,,,,,,,,,,,,,,,,,,,,,
Small Intestine,small intestine,UBERON:0002108,jejunum,jejunum,UBERON:0002115,mucosa,jejunal mucosa,UBERON:0000399,Lamina propria/Gut associated lymphoid tissue (GALT),,,,,,,,,regulatory CD4+ T,,,"CD4, FOXP3",,,,,,,,,,,,,,,,,,,,,,,,,,,,,,,"CD4, FOXP3, CD25",CD4,,,FOXP3,,,CD25,,,,,,,,,,,,,,,,,,,,,,,,,,,,,,,,,,,,,,,,,,,,,,,,,,,,,,,,,,,,,,,,,,
Small Intestine,small intestine,UBERON:0002108,jejunum,jejunum,UBERON:0002115,mucosa,jejunal mucosa,UBERON:0000399,Lamina propria/Gut associated lymphoid tissue (GALT),,,,,,,,,CD8+ T,,,"MGLL, TAGLN, CD3D, CD8A, CD2",,,,,,,,,,,,,,,,,,,,,,,,,,,,,,,"CD3, CD7, CD2, CD5, TCRab, CD8",CD3,,,CD7,,,CD2,,,CD5,,,TCRab,,,,CD8,,,,,,,,,,,,,,,,,,,,,,,,,,,,,,,,,,,,,,,,,,,,,,,,,,,,,,,,
Small Intestine,small intestine,UBERON:0002108,jejunum,jejunum,UBERON:0002115,mucosa,jejunal mucosa,UBERON:0000399,Lamina propria/Gut associated lymphoid tissue (GALT),,,,,,,,,macrophages,,,CD14,,,,,,,,,,,,,,,,,,,,,,,,,,,,,,,"HLA-DR, CD163, CD206, CD11b, CD68",HLA-DR,,,CD163,,,CD206,,,CD11b,,,CD68,,,,,,,,,,,,,,,,,,,,,,,,,,,,,,,,,,,,,,,,,,,,,,,,,,,,,,,,,,,,
Small Intestine,small intestine,UBERON:0002108,jejunum,jejunum,UBERON:0002115,mucosa,jejunal mucosa,UBERON:0000399,Lamina propria/Gut associated lymphoid tissue (GALT),,,,,,,,,eosinophils,,,,,,,,,,,,,,,,,,,,,,,,,,,,,,,,,,"CD11b, CD294",CD11b,,,CD294,,,,,,,,,,,,,,,,,,,,,,,,,,,,,,,,,,,,,,,,,,,,,,,,,,,,,,,,,,,,,,,,,,,,,
Small Intestine,small intestine,UBERON:0002108,jejunum,jejunum,UBERON:0002115,mucosa,jejunal mucosa,UBERON:0000399,Lamina propria/Gut associated lymphoid tissue (GALT),,,,,,,,,mast cells,,,HDC,,,,,,,,,,,,,,,,,,,,,,,,,,,,,,,"CD117, MCT",CD117,,,MCT,,,,,,,,,,,,,,,,,,,,,,,,,,,,,,,,,,,,,,,,,,,,,,,,,,,,,,,,,,,,,,,,,,,,,
Small Intestine,small intestine,UBERON:0002108,jejunum,jejunum,UBERON:0002115,mucosa,jejunal mucosa,UBERON:0000399,Lamina propria/Gut associated lymphoid tissue (GALT),,,,,,,,,neutrophils,,,,,,,,,,,,,,,,,,,,,,,,,,,,,,,,,,"CD15, CD16",CD15,,,CD16,,,,,,,,,,,,,,,,,,,,,,,,,,,,,,,,,,,,,,,,,,,,,,,,,,,,,,,,,,,,,,,,,,,,,
Small Intestine,small intestine,UBERON:0002108,jejunum,jejunum,UBERON:0002115,mucosa,jejunal mucosa,UBERON:0000399,Lamina propria/Gut associated lymphoid tissue (GALT),,,,,,,,,NK cells,,,,,,,,,,,,,,,,,,,,,,,,,,,,,,,,,,"CD56, CD57, CD11c, NKG2D",CD56,,,CD57,,,CD11c,,,NKG2D,,,,,,,,,,,,,,,,,,,,,,,,,,,,,,,,,,,,,,,,,,,,,,,,,,,,,,,,,,,,,,,
Small Intestine,small intestine,UBERON:0002108,jejunum,jejunum,UBERON:0002115,mucosa,jejunal mucosa,UBERON:0000399,Lamina propria/Gut associated lymphoid tissue (GALT),,,,,,,,,DCs,,,,,,,,,,,,,,,,,,,,,,,,,,,,,,,,,,"HLA-DR, CD11c, CD123",HLA-DR,,,CD11c,,,CD123,,,,,,,,,,,,,,,,,,,,,,,,,,,,,,,,,,,,,,,,,,,,,,,,,,,,,,,,,,,,,,,,,,
Small Intestine,small intestine,UBERON:0002108,jejunum,jejunum,UBERON:0002115,mucosa,jejunal mucosa,UBERON:0000399,Lamina propria/Gut associated lymphoid tissue (GALT),,,,,,,,,ILCs,,,,,,,,,,,,,,,,,,,,,,,,,,,,,,,,,,"CD127, CD117, CD161",CD127,,,CD117,,,CD161,,,,,,,,,,,,,,,,,,,,,,,,,,,,,,,,,,,,,,,,,,,,,,,,,,,,,,,,,,,,,,,,,,
Small Intestine,small intestine,UBERON:0002108,jejunum,jejunum,UBERON:0002115,mucosa,jejunal mucosa,UBERON:0000399,muscularis mucosa,muscularis mucosae of jejunum,UBERON:0016519,,,,,,,muscle,,,,,,,,,,,,,,,,,,,,,,,,,,,,,,,,,,aSMA,aSMA,,,,,,,,,,,,,,,,,,,,,,,,,,,,,,,,,,,,,,,,,,,,,,,,,,,,,,,,,,,,,,,,,,,,,,,,
Small Intestine,small intestine,UBERON:0002108,jejunum,jejunum,UBERON:0002115,submucosa,submucosa of jejunum,UBERON:0003333,,,,,,,,,,nerves,,,,,,,,,,,,,,,,,,,,,,,,,,,,,,,,,,"PDL1, CD56, PGP9.5",PDL1,,,CD56,,,PGP9.5,,,,,,,,,,,,,,,,,,,,,,,,,,,,,,,,,,,,,,,,,,,,,,,,,,,,,,,,,,,,,,,,,,
Small Intestine,small intestine,UBERON:0002108,jejunum,jejunum,UBERON:0002115,submucosa,submucosa of jejunum,UBERON:0003333,,,,,,,,,,endoethlial,,,"NOVA2, SOX17",,,,,,,,,,,,,,,,,,,,,,,,,,,,,,,"CD31, CD34, CD36",CD31,,,CD34,,,CD36,,,,,,,,,,,,,,,,,,,,,,,,,,,,,,,,,,,,,,,,,,,,,,,,,,,,,,,,,,,,,,,,,,
Small Intestine,small intestine,UBERON:0002108,jejunum,jejunum,UBERON:0002115,submucosa,submucosa of jejunum,UBERON:0003333,,,,,,,,,,lymphatic,,,,,,,,,,,,,,,,,,,,,,,,,,,,,,,,,,"CD31, Podoplanin",CD31,,,Podoplanin,,,,,,,,,,,,,,,,,,,,,,,,,,,,,,,,,,,,,,,,,,,,,,,,,,,,,,,,,,,,,,,,,,,,,
Small Intestine,small intestine,UBERON:0002108,jejunum,jejunum,UBERON:0002115,submucosa,submucosa of jejunum,UBERON:0003333,,,,,,,,,,nerves,,,,,,,,,,,,,,,,,,,,,,,,,,,,,,,,,,"PDL1, CD56, PGP9.5",PDL1,,,CD56,,,PGP9.5,,,,,,,,,,,,,,,,,,,,,,,,,,,,,,,,,,,,,,,,,,,,,,,,,,,,,,,,,,,,,,,,,,
Small Intestine,small intestine,UBERON:0002108,jejunum,jejunum,UBERON:0002115,submucosa,submucosa of jejunum,UBERON:0003333,,,,,,,,,,muscle,,,,,,,,,,,,,,,,,,,,,,,,,,,,,,,,,,aSMA,aSMA,,,,,,,,,,,,,,,,,,,,,,,,,,,,,,,,,,,,,,,,,,,,,,,,,,,,,,,,,,,,,,,,,,,,,,,,
Small Intestine,small intestine,UBERON:0002108,jejunum,jejunum,UBERON:0002115,muscularis externa,muscle layer of jejunum,UBERON:0012377,,,,,,,,,,muscle,,,,,,,,,,,,,,,,,,,,,,,,,,,,,,,,,,aSMA,aSMA,,,,,,,,,,,,,,,,,,,,,,,,,,,,,,,,,,,,,,,,,,,,,,,,,,,,,,,,,,,,,,,,,,,,,,,,
Small Intestine,small intestine,UBERON:0002108,jejunum,jejunum,UBERON:0002115,muscularis externa,muscle layer of jejunum,UBERON:0012377,,,,,,,,,,Interstitial cells of Cajal,,,,,,,,,,,,,,,,,,,,,,,,,,,,,,,,,,"CD117, CD34",CD117,,,CD34,,,,,,,,,,,,,,,,,,,,,,,,,,,,,,,,,,,,,,,,,,,,,,,,,,,,,,,,,,,,,,,,,,,,,
Small Intestine,small intestine,UBERON:0002108,jejunum,jejunum,UBERON:0002115,muscularis externa,muscle layer of jejunum,UBERON:0012377,,,,,,,,,,fibroblasts,,,"COL6A1, COL6A2",,,,,,,,,,,,,,,,,,,,,,,,,,,,,,,"Col6A1, Col6A2",Col6A1,,,Col6A2,,,,,,,,,,,,,,,,,,,,,,,,,,,,,,,,,,,,,,,,,,,,,,,,,,,,,,,,,,,,,,,,,,,,,
Small Intestine,small intestine,UBERON:0002108,jejunum,jejunum,UBERON:0002115,muscularis externa,muscle layer of jejunum,UBERON:0012377,,,,,,,,,,endothelial,,,"NOVA2, SOX17",,,,,,,,,,,,,,,,,,,,,,,,,,,,,,,"CD31, CD34, CD36",CD31,,,CD34,,,CD36,,,,,,,,,,,,,,,,,,,,,,,,,,,,,,,,,,,,,,,,,,,,,,,,,,,,,,,,,,,,,,,,,,
Small Intestine,small intestine,UBERON:0002108,jejunum,jejunum,UBERON:0002115,muscularis externa,muscle layer of jejunum,UBERON:0012377,,,,,,,,,,nerves,,,,,,,,,,,,,,,,,,,,,,,,,,,,,,,,,,"PDL1, CD56, PGP9.5",PDL1,,,CD56,,,PGP9.5,,,,,,,,,,,,,,,,,,,,,,,,,,,,,,,,,,,,,,,,,,,,,,,,,,,,,,,,,,,,,,,,,,
Small Intestine,small intestine,UBERON:0002108,jejunum,jejunum,UBERON:0002115,muscularis externa,muscle layer of jejunum,UBERON:0012377,myenteric plexus of Auerbach,myenteric nerve plexus of small intestine,,,,,,,,nerves,,,,,,,,,,,,,,,,,,,,,,,,,,,,,,,,,,"PDL1, CD56, PGP9.5",PDL1,,,CD56,,,PGP9.5,,,,,,,,,,,,,,,,,,,,,,,,,,,,,,,,,,,,,,,,,,,,,,,,,,,,,,,,,,,,,,,,,,
Small Intestine,small intestine,UBERON:0002108,jejunum,jejunum,UBERON:0002115,muscularis externa,muscle layer of jejunum,UBERON:0012377,myenteric plexus of Auerbach,myenteric nerve plexus of small intestine,,,,,,,,muscle,,,,,,,,,,,,,,,,,,,,,,,,,,,,,,,,,,aSMA,aSMA,,,,,,,,,,,,,,,,,,,,,,,,,,,,,,,,,,,,,,,,,,,,,,,,,,,,,,,,,,,,,,,,,,,,,,,,
Small Intestine,small intestine,UBERON:0002108,jejunum,jejunum,UBERON:0002115,serosa,serosa of jejunum,UBERON:0003337,,,,,,,,,,mesothelial,,,,,,,,,,,,,,,,,,,,,,,,,,,,,,,,,,Cytokeratin,Cytokeratin,,,,,,,,,,,,,,,,,,,,,,,,,,,,,,,,,,,,,,,,,,,,,,,,,,,,,,,,,,,,,,,,,,,,,,,,
Small Intestine,small intestine,UBERON:0002108,jejunum,jejunum,UBERON:0002115,serosa,serosa of jejunum,UBERON:0003337,connective tissue,,,,,,,,,fibroblasts,,,"COL6A1, COL6A2",,,,,,,,,,,,,,,,,,,,,,,,,,,,,,,,,,,,,,,,,,,,,,,,,,,,,,,,,,,,,,,,,,,,,,,,,,,,,,,,,,,,,,,,,,,,,,,,,,,,,,,,
Small Intestine,small intestine,UBERON:0002108,jejunum,jejunum,UBERON:0002115,serosa,serosa of jejunum,UBERON:0003337,connective tissue,,,,,,,,,endothelial cells,,,"NOVA2, SOX17",,,,,,,,,,,,,,,,,,,,,,,,,,,,,,,,,,,,,,,,,,,,,,,,,,,,,,,,,,,,,,,,,,,,,,,,,,,,,,,,,,,,,,,,,,,,,,,,,,,,,,,,
Small Intestine,small intestine,UBERON:0002108,ileum,ileum,UBERON:0002116,mucosa,ileal mucosa,UBERON:0000331,,,,Epithelium,ileal epithelium,UBERON:0008345,,,,,,,,,,,,,,,,,,,,,,,,,,,,,,,,,,,,,,,,,,,,,,,,,,,,,,,,,,,,,,,,,,,,,,,,,,,,,,,,,,,,,,,,,,,,,,,,,,,,,,,,,,,,,,,
Small Intestine,small intestine,UBERON:0002108,ileum,ileum,UBERON:0002116,mucosa,ileal mucosa,UBERON:0000331,,,,Epithelium,ileal epithelium,UBERON:0008345,,,,,,,,,,,,,,,,,,,,,,,,,,,,,,,,,,,,,,,,,,,,,,,,,,,,,,,,,,,,,,,,,,,,,,,,,,,,,,,,,,,,,,,,,,,,,,,,,,,,,,,,,,,,,,,
Small Intestine,small intestine,UBERON:0002108,ileum,ileum,UBERON:0002116,mucosa,ileal mucosa,UBERON:0000331,,,,Epithelium,ileal epithelium,UBERON:0008345,,,,,,,,,,,,,,,,,,,,,,,,,,,,,,,,,,,,,,,,,,,,,,,,,,,,,,,,,,,,,,,,,,,,,,,,,,,,,,,,,,,,,,,,,,,,,,,,,,,,,,,,,,,,,,,
Small Intestine,small intestine,UBERON:0002108,ileum,ileum,UBERON:0002116,mucosa,ileal mucosa,UBERON:0000331,,,,Epithelium,ileal epithelium,UBERON:0008345,,,,,,,,,,,,,,,,,,,,,,,,,,,,,,,,,,,,,,,,,,,,,,,,,,,,,,,,,,,,,,,,,,,,,,,,,,,,,,,,,,,,,,,,,,,,,,,,,,,,,,,,,,,,,,,
Small Intestine,small intestine,UBERON:0002108,ileum,ileum,UBERON:0002116,mucosa,ileal mucosa,UBERON:0000331,,,,Epithelium,ileal epithelium,UBERON:0008345,,,,,,,,,,,,,,,,,,,,,,,,,,,,,,,,,,,,,,,,,,,,,,,,,,,,,,,,,,,,,,,,,,,,,,,,,,,,,,,,,,,,,,,,,,,,,,,,,,,,,,,,,,,,,,,
Small Intestine,small intestine,UBERON:0002108,ileum,ileum,UBERON:0002116,mucosa,ileal mucosa,UBERON:0000331,,,,Epithelium,ileal epithelium,UBERON:0008345,,,,,,,,,,,,,,,,,,,,,,,,,,,,,,,,,,,,,,,,,,,,,,,,,,,,,,,,,,,,,,,,,,,,,,,,,,,,,,,,,,,,,,,,,,,,,,,,,,,,,,,,,,,,,,,
Small Intestine,small intestine,UBERON:0002108,ileum,ileum,UBERON:0002116,mucosa,ileal mucosa,UBERON:0000331,,,,Epithelium,ileal epithelium,UBERON:0008345,,,,,,,,,,,,,,,,,,,,,,,,,,,,,,,,,,,,,,,,,,,,,,,,,,,,,,,,,,,,,,,,,,,,,,,,,,,,,,,,,,,,,,,,,,,,,,,,,,,,,,,,,,,,,,,
Small Intestine,small intestine,UBERON:0002108,ileum,ileum,UBERON:0002116,mucosa,ileal mucosa,UBERON:0000331,,,,Lamina propria/Gut associated lymphoid tissue (GALT),,,,,,,,,,,,,,,,,,,,,,,,,,,,,,,,,,,,,,,,,,,,,,,,,,,,,,,,,,,,,,,,,,,,,,,,,,,,,,,,,,,,,,,,,,,,,,,,,,,,,,,,,,,,,,,,,
Small Intestine,small intestine,UBERON:0002108,ileum,ileum,UBERON:0002116,mucosa,ileal mucosa,UBERON:0000331,,,,Lamina propria/Gut associated lymphoid tissue (GALT),,,,,,,,,,,,,,,,,,,,,,,,,,,,,,,,,,,,,,,,,,,,,,,,,,,,,,,,,,,,,,,,,,,,,,,,,,,,,,,,,,,,,,,,,,,,,,,,,,,,,,,,,,,,,,,,,
Small Intestine,small intestine,UBERON:0002108,ileum,ileum,UBERON:0002116,mucosa,ileal mucosa,UBERON:0000331,,,,Lamina propria/Gut associated lymphoid tissue (GALT),,,,,,,,,,,,,,,,,,,,,,,,,,,,,,,,,,,,,,,,,,,,,,,,,,,,,,,,,,,,,,,,,,,,,,,,,,,,,,,,,,,,,,,,,,,,,,,,,,,,,,,,,,,,,,,,,
Small Intestine,small intestine,UBERON:0002108,ileum,ileum,UBERON:0002116,mucosa,ileal mucosa,UBERON:0000331,,,,Lamina propria/Gut associated lymphoid tissue (GALT),,,,,,,,,,,,,,,,,,,,,,,,,,,,,,,,,,,,,,,,,,,,,,,,,,,,,,,,,,,,,,,,,,,,,,,,,,,,,,,,,,,,,,,,,,,,,,,,,,,,,,,,,,,,,,,,,
Small Intestine,small intestine,UBERON:0002108,ileum,ileum,UBERON:0002116,mucosa,ileal mucosa,UBERON:0000331,,,,Lamina propria/Gut associated lymphoid tissue (GALT),,,,,,,,,,,,,,,,,,,,,,,,,,,,,,,,,,,,,,,,,,,,,,,,,,,,,,,,,,,,,,,,,,,,,,,,,,,,,,,,,,,,,,,,,,,,,,,,,,,,,,,,,,,,,,,,,
Small Intestine,small intestine,UBERON:0002108,ileum,ileum,UBERON:0002116,mucosa,ileal mucosa,UBERON:0000331,,,,Lamina propria/Gut associated lymphoid tissue (GALT),,,,,,,,,,,,,,,,,,,,,,,,,,,,,,,,,,,,,,,,,,,,,,,,,,,,,,,,,,,,,,,,,,,,,,,,,,,,,,,,,,,,,,,,,,,,,,,,,,,,,,,,,,,,,,,,,
Small Intestine,small intestine,UBERON:0002108,ileum,ileum,UBERON:0002116,mucosa,ileal mucosa,UBERON:0000331,,,,Lamina propria/Gut associated lymphoid tissue (GALT),,,,,,,,,,,,,,,,,,,,,,,,,,,,,,,,,,,,,,,,,,,,,,,,,,,,,,,,,,,,,,,,,,,,,,,,,,,,,,,,,,,,,,,,,,,,,,,,,,,,,,,,,,,,,,,,,
Small Intestine,small intestine,UBERON:0002108,ileum,ileum,UBERON:0002116,mucosa,ileal mucosa,UBERON:0000331,,,,Lamina propria/Gut associated lymphoid tissue (GALT),,,,,,,,,,,,,,,,,,,,,,,,,,,,,,,,,,,,,,,,,,,,,,,,,,,,,,,,,,,,,,,,,,,,,,,,,,,,,,,,,,,,,,,,,,,,,,,,,,,,,,,,,,,,,,,,,
Small Intestine,small intestine,UBERON:0002108,ileum,ileum,UBERON:0002116,mucosa,ileal mucosa,UBERON:0000331,,,,Lamina propria/Gut associated lymphoid tissue (GALT),,,,,,,,,,,,,,,,,,,,,,,,,,,,,,,,,,,,,,,,,,,,,,,,,,,,,,,,,,,,,,,,,,,,,,,,,,,,,,,,,,,,,,,,,,,,,,,,,,,,,,,,,,,,,,,,,
Small Intestine,small intestine,UBERON:0002108,ileum,ileum,UBERON:0002116,mucosa,ileal mucosa,UBERON:0000331,,,,Lamina propria/Gut associated lymphoid tissue (GALT),,,,,,,,,,,,,,,,,,,,,,,,,,,,,,,,,,,,,,,,,,,,,,,,,,,,,,,,,,,,,,,,,,,,,,,,,,,,,,,,,,,,,,,,,,,,,,,,,,,,,,,,,,,,,,,,,
Small Intestine,small intestine,UBERON:0002108,ileum,ileum,UBERON:0002116,mucosa,ileal mucosa,UBERON:0000331,,,,Lamina propria/Gut associated lymphoid tissue (GALT),,,,,,,,,,,,,,,,,,,,,,,,,,,,,,,,,,,,,,,,,,,,,,,,,,,,,,,,,,,,,,,,,,,,,,,,,,,,,,,,,,,,,,,,,,,,,,,,,,,,,,,,,,,,,,,,,
Small Intestine,small intestine,UBERON:0002108,ileum,ileum,UBERON:0002116,mucosa,ileal mucosa,UBERON:0000331,,,,Lamina propria/Gut associated lymphoid tissue (GALT),,,,,,,,,,,,,,,,,,,,,,,,,,,,,,,,,,,,,,,,,,,,,,,,,,,,,,,,,,,,,,,,,,,,,,,,,,,,,,,,,,,,,,,,,,,,,,,,,,,,,,,,,,,,,,,,,
Small Intestine,small intestine,UBERON:0002108,ileum,ileum,UBERON:0002116,mucosa,ileal mucosa,UBERON:0000331,,,,Lamina propria/Gut associated lymphoid tissue (GALT),,,,,,,,,,,,,,,,,,,,,,,,,,,,,,,,,,,,,,,,,,,,,,,,,,,,,,,,,,,,,,,,,,,,,,,,,,,,,,,,,,,,,,,,,,,,,,,,,,,,,,,,,,,,,,,,,
Small Intestine,small intestine,UBERON:0002108,ileum,ileum,UBERON:0002116,mucosa,ileal mucosa,UBERON:0000331,,,,Lamina propria/Gut associated lymphoid tissue (GALT),,,,,,,,,,,,,,,,,,,,,,,,,,,,,,,,,,,,,,,,,,,,,,,,,,,,,,,,,,,,,,,,,,,,,,,,,,,,,,,,,,,,,,,,,,,,,,,,,,,,,,,,,,,,,,,,,
Small Intestine,small intestine,UBERON:0002108,ileum,ileum,UBERON:0002116,mucosa,ileal mucosa,UBERON:0000331,,,,Lamina propria/Gut associated lymphoid tissue (GALT),,,,,,,,,,,,,,,,,,,,,,,,,,,,,,,,,,,,,,,,,,,,,,,,,,,,,,,,,,,,,,,,,,,,,,,,,,,,,,,,,,,,,,,,,,,,,,,,,,,,,,,,,,,,,,,,,
Small Intestine,small intestine,UBERON:0002108,ileum,ileum,UBERON:0002116,mucosa,ileal mucosa,UBERON:0000331,,,,Lamina propria/Gut associated lymphoid tissue (GALT),,,,,,,,,,,,,,,,,,,,,,,,,,,,,,,,,,,,,,,,,,,,,,,,,,,,,,,,,,,,,,,,,,,,,,,,,,,,,,,,,,,,,,,,,,,,,,,,,,,,,,,,,,,,,,,,,
Small Intestine,small intestine,UBERON:0002108,ileum,ileum,UBERON:0002116,mucosa,ileal mucosa,UBERON:0000331,,,,Lamina propria/Gut associated lymphoid tissue (GALT),,,,,,,,,,,,,,,,,,,,,,,,,,,,,,,,,,,,,,,,,,,,,,,,,,,,,,,,,,,,,,,,,,,,,,,,,,,,,,,,,,,,,,,,,,,,,,,,,,,,,,,,,,,,,,,,,
Small Intestine,small intestine,UBERON:0002108,ileum,ileum,UBERON:0002116,mucosa,ileal mucosa,UBERON:0000331,,,,Lamina propria/Gut associated lymphoid tissue (GALT),,,,,,,,,,,,,,,,,,,,,,,,,,,,,,,,,,,,,,,,,,,,,,,,,,,,,,,,,,,,,,,,,,,,,,,,,,,,,,,,,,,,,,,,,,,,,,,,,,,,,,,,,,,,,,,,,
Small Intestine,small intestine,UBERON:0002108,ileum,ileum,UBERON:0002116,mucosa,ileal mucosa,UBERON:0000331,,,,Lamina propria/Gut associated lymphoid tissue (GALT),,,,,,,,,,,,,,,,,,,,,,,,,,,,,,,,,,,,,,,,,,,,,,,,,,,,,,,,,,,,,,,,,,,,,,,,,,,,,,,,,,,,,,,,,,,,,,,,,,,,,,,,,,,,,,,,,
Small Intestine,small intestine,UBERON:0002108,ileum,ileum,UBERON:0002116,mucosa,ileal mucosa,UBERON:0000331,,,,muscularis mucosa,,,,,,,,,,,,,,,,,,,,,,,,,,,,,,,,,,,,,,,,,,,,,,,,,,,,,,,,,,,,,,,,,,,,,,,,,,,,,,,,,,,,,,,,,,,,,,,,,,,,,,,,,,,,,,,,,
Small Intestine,small intestine,UBERON:0002108,ileum,ileum,UBERON:0002116,submucosa,submucosa of ileum,UBERON:0004946,,,,submucosa,,,,,,,,,,,,,,,,,,,,,,,,,,,,,,,,,,,,,,,,,,,,,,,,,,,,,,,,,,,,,,,,,,,,,,,,,,,,,,,,,,,,,,,,,,,,,,,,,,,,,,,,,,,,,,,,,
Small Intestine,small intestine,UBERON:0002108,ileum,ileum,UBERON:0002116,submucosa,submucosa of ileum,UBERON:0004946,,,,submucosa,,,,,,,,,,,,,,,,,,,,,,,,,,,,,,,,,,,,,,,,,,,,,,,,,,,,,,,,,,,,,,,,,,,,,,,,,,,,,,,,,,,,,,,,,,,,,,,,,,,,,,,,,,,,,,,,,
Small Intestine,small intestine,UBERON:0002108,ileum,ileum,UBERON:0002116,submucosa,submucosa of ileum,UBERON:0004946,,,,submucosa,,,,,,,,,,,,,,,,,,,,,,,,,,,,,,,,,,,,,,,,,,,,,,,,,,,,,,,,,,,,,,,,,,,,,,,,,,,,,,,,,,,,,,,,,,,,,,,,,,,,,,,,,,,,,,,,,
Small Intestine,small intestine,UBERON:0002108,ileum,ileum,UBERON:0002116,submucosa,submucosa of ileum,UBERON:0004946,,,,submucosal plexus of Meissner,,,,,,,,,,,,,,,,,,,,,,,,,,,,,,,,,,,,,,,,,,,,,,,,,,,,,,,,,,,,,,,,,,,,,,,,,,,,,,,,,,,,,,,,,,,,,,,,,,,,,,,,,,,,,,,,,
Small Intestine,small intestine,UBERON:0002108,ileum,ileum,UBERON:0002116,submucosa,submucosa of ileum,UBERON:0004946,,,,submucosal plexus of Meissner,,,,,,,,,,,,,,,,,,,,,,,,,,,,,,,,,,,,,,,,,,,,,,,,,,,,,,,,,,,,,,,,,,,,,,,,,,,,,,,,,,,,,,,,,,,,,,,,,,,,,,,,,,,,,,,,,
Small Intestine,small intestine,UBERON:0002108,ileum,ileum,UBERON:0002116,muscularis externa,,,,,,circular/longitudinal muscle,,,,,,,,,,,,,,,,,,,,,,,,,,,,,,,,,,,,,,,,,,,,,,,,,,,,,,,,,,,,,,,,,,,,,,,,,,,,,,,,,,,,,,,,,,,,,,,,,,,,,,,,,,,,,,,,,
Small Intestine,small intestine,UBERON:0002108,ileum,ileum,UBERON:0002116,muscularis externa,,,,,,circular/longitudinal muscle,,,,,,,,,,,,,,,,,,,,,,,,,,,,,,,,,,,,,,,,,,,,,,,,,,,,,,,,,,,,,,,,,,,,,,,,,,,,,,,,,,,,,,,,,,,,,,,,,,,,,,,,,,,,,,,,,
Small Intestine,small intestine,UBERON:0002108,ileum,ileum,UBERON:0002116,muscularis externa,,,,,,circular/longitudinal muscle,,,,,,,,,,,,,,,,,,,,,,,,,,,,,,,,,,,,,,,,,,,,,,,,,,,,,,,,,,,,,,,,,,,,,,,,,,,,,,,,,,,,,,,,,,,,,,,,,,,,,,,,,,,,,,,,,
Small Intestine,small intestine,UBERON:0002108,ileum,ileum,UBERON:0002116,muscularis externa,,,,,,circular/longitudinal muscle,,,,,,,,,,,,,,,,,,,,,,,,,,,,,,,,,,,,,,,,,,,,,,,,,,,,,,,,,,,,,,,,,,,,,,,,,,,,,,,,,,,,,,,,,,,,,,,,,,,,,,,,,,,,,,,,,
Small Intestine,small intestine,UBERON:0002108,ileum,ileum,UBERON:0002116,muscularis externa,,,,,,circular/longitudinal muscle,,,,,,,,,,,,,,,,,,,,,,,,,,,,,,,,,,,,,,,,,,,,,,,,,,,,,,,,,,,,,,,,,,,,,,,,,,,,,,,,,,,,,,,,,,,,,,,,,,,,,,,,,,,,,,,,,
Small Intestine,small intestine,UBERON:0002108,ileum,ileum,UBERON:0002116,muscularis externa,,,,,,myenteric plexus of Auerbach,,,,,,,,,,,,,,,,,,,,,,,,,,,,,,,,,,,,,,,,,,,,,,,,,,,,,,,,,,,,,,,,,,,,,,,,,,,,,,,,,,,,,,,,,,,,,,,,,,,,,,,,,,,,,,,,,
Small Intestine,small intestine,UBERON:0002108,ileum,ileum,UBERON:0002116,muscularis externa,,,,,,myenteric plexus of Auerbach,,,,,,,,,,,,,,,,,,,,,,,,,,,,,,,,,,,,,,,,,,,,,,,,,,,,,,,,,,,,,,,,,,,,,,,,,,,,,,,,,,,,,,,,,,,,,,,,,,,,,,,,,,,,,,,,,
Small Intestine,small intestine,UBERON:0002108,ileum,ileum,UBERON:0002116,serosa,,,,,,connective tissue,,,,,,,,,,,,,,,,,,,,,,,,,,,,,,,,,,,,,,,,,,,,,,,,,,,,,,,,,,,,,,,,,,,,,,,,,,,,,,,,,,,,,,,,,,,,,,,,,,,,,,,,,,,,,,,,,
Small Intestine,small intestine,UBERON:0002108,ileum,ileum,UBERON:0002116,serosa,,,,,,connective tissue,,,,,,,,,,,,,,,,,,,,,,,,,,,,,,,,,,,,,,,,,,,,,,,,,,,,,,,,,,,,,,,,,,,,,,,,,,,,,,,,,,,,,,,,,,,,,,,,,,,,,,,,,,,,,,,,,
Small Intestine,small intestine,UBERON:0002108,ileum,ileum,UBERON:0002116,serosa,,,,,,,,,,,,,,,,,,,,,,,,,,,,,,,,,,,,,,,,,,,,,,,,,,,,,,,,,,,,,,,,,,,,,,,,,,,,,,,,,,,,,,,,,,,,,,,,,,,,,,,,,,,,,,,,,,,,,,,
Small Intestine,small intestine,UBERON:0002108,terminal ileum,distal part of ileum,FMA:14966,mucosa,,,Epithelium,,,,,,,,,epithelial stem cells,,,"LGR5, ASCL2, CDHR1, BIRC3, MYL9",,,,,,,,,,,,,,,,,,,,,,,,,,,,,,,"CD34, SOX9, CD44",CD34,,,SOX9,,,CD44,,,,,,,,,,,,,,,,,,,,,,,,,,,,,,,,,,,,,,,,,,,,,,,,,,,,,,,,,,,,,,,,,,
Small Intestine,small intestine,UBERON:0002108,terminal ileum,distal part of ileum,FMA:14966,mucosa,,,Epithelium,,,,,,,,,Paneth,,,"LYZ, DEFA5",,,,,,,,,,,,,,,,,,,,,,,,,,,,,,,alpha Defensin 5a,alpha Defensin 5a,,,,,,,,,,,,,,,,,,,,,,,,,,,,,,,,,,,,,,,,,,,,,,,,,,,,,,,,,,,,,,,,,,,,,,,,
Small Intestine,small intestine,UBERON:0002108,terminal ileum,distal part of ileum,FMA:14966,mucosa,,,Epithelium,,,,,,,,,endocrine,,,CRYBA2,,,,,,,,,,,,,,,,,,,,,,,,,,,,,,,"Chromogranin, Synaptophysin",Chromogranin,,,Synaptophysin,,,,,,,,,,,,,,,,,,,,,,,,,,,,,,,,,,,,,,,,,,,,,,,,,,,,,,,,,,,,,,,,,,,,,
Small Intestine,small intestine,UBERON:0002108,terminal ileum,distal part of ileum,FMA:14966,mucosa,,,Epithelium,,,,,,,,,absorptive,,,"CA2, SI",,,,,,,,,,,,,,,,,,,,,,,,,,,,,,,,,,,,,,,,,,,,,,,,,,,,,,,,,,,,,,,,,,,,,,,,,,,,,,,,,,,,,,,,,,,,,,,,,,,,,,,,
Small Intestine,small intestine,UBERON:0002108,terminal ileum,distal part of ileum,FMA:14966,mucosa,,,Epithelium,,,,,,,,,goblet,,,"MUC2, ITLN1, SLC26A2, CLCA4",,,,,,,,,,,,,,,,,,,,,,,,,,,,,,,,,,,,,,,,,,,,,,,,,,,,,,,,,,,,,,,,,,,,,,,,,,,,,,,,,,,,,,,,,,,,,,,,,,,,,,,,
Small Intestine,small intestine,UBERON:0002108,terminal ileum,distal part of ileum,FMA:14966,mucosa,,,Epithelium,,,,,,,,,enterocytes,,,"BEST4, CA7, NEURL1, HES1",,,,,,,,,,,,,,,,,,,,,,,,,,,,,,,,,,,,,,,,,,,,,,,,,,,,,,,,,,,,,,,,,,,,,,,,,,,,,,,,,,,,,,,,,,,,,,,,,,,,,,,,
Small Intestine,small intestine,UBERON:0002108,terminal ileum,distal part of ileum,FMA:14966,mucosa,,,Epithelium,,,,,,,,,Tuft cells,,,"DCLK1, IRF7, SELENBP1",,,,,,,,,,,,,,,,,,,,,,,,,,,,,,,,,,,,,,,,,,,,,,,,,,,,,,,,,,,,,,,,,,,,,,,,,,,,,,,,,,,,,,,,,,,,,,,,,,,,,,,,
Small Intestine,small intestine,UBERON:0002108,terminal ileum,distal part of ileum,FMA:14966,mucosa,,,Lamina propria/Gut associated lymphoid tissue (GALT),,,,,,,,,endothelial,,,"CD36, SOX17",,,,,,,,,,,,,,,,,,,,,,,,,,,,,,,"CD31, CD34, CD36",CD31,,,CD34,,,CD36,,,,,,,,,,,,,,,,,,,,,,,,,,,,,,,,,,,,,,,,,,,,,,,,,,,,,,,,,,,,,,,,,,
Small Intestine,small intestine,UBERON:0002108,terminal ileum,distal part of ileum,FMA:14966,mucosa,,,Lamina propria/Gut associated lymphoid tissue (GALT),,,,,,,,,lymphatics,,,,,,,,,,,,,,,,,,,,,,,,,,,,,,,,,,"CD31, Podoplanin",CD31,,,Podoplanin,,,,,,,,,,,,,,,,,,,,,,,,,,,,,,,,,,,,,,,,,,,,,,,,,,,,,,,,,,,,,,,,,,,,,
Small Intestine,small intestine,UBERON:0002108,terminal ileum,distal part of ileum,FMA:14966,mucosa,,,Lamina propria/Gut associated lymphoid tissue (GALT),,,,,,,,,myofibroblasts,,,"TP53I3, DES, ACTG2, CNN1",,,,,,,,,,,,,,,,,,,,,,,,,,,,,,,,,,,,,,,,,,,,,,,,,,,,,,,,,,,,,,,,,,,,,,,,,,,,,,,,,,,,,,,,,,,,,,,,,,,,,,,,
Small Intestine,small intestine,UBERON:0002108,terminal ileum,distal part of ileum,FMA:14966,mucosa,,,Lamina propria/Gut associated lymphoid tissue (GALT),,,,,,,,,fibroblasts,,,"COL6A1, COL6A2",,,,,,,,,,,,,,,,,,,,,,,,,,,,,,,"Col6A1, Col6A2",Col6A1,,,Col6A2,,,,,,,,,,,,,,,,,,,,,,,,,,,,,,,,,,,,,,,,,,,,,,,,,,,,,,,,,,,,,,,,,,,,,
Small Intestine,small intestine,UBERON:0002108,terminal ileum,distal part of ileum,FMA:14966,mucosa,,,Lamina propria/Gut associated lymphoid tissue (GALT),,,,,,,,,nerves,,,,,,,,,,,,,,,,,,,,,,,,,,,,,,,,,,"PDL1, CD56, PGP9.5",PDL1,,,CD56,,,PGP9.5,,,,,,,,,,,,,,,,,,,,,,,,,,,,,,,,,,,,,,,,,,,,,,,,,,,,,,,,,,,,,,,,,,
Small Intestine,small intestine,UBERON:0002108,terminal ileum,distal part of ileum,FMA:14966,mucosa,,,Lamina propria/Gut associated lymphoid tissue (GALT),,,,,,,,,M cell,,,,,,,,,,,,,,,,,,,,,,,,,,,,,,,,,,Cytokeratin 7,Cytokeratin 7,,,,,,,,,,,,,,,,,,,,,,,,,,,,,,,,,,,,,,,,,,,,,,,,,,,,,,,,,,,,,,,,,,,,,,,,
Small Intestine,small intestine,UBERON:0002108,terminal ileum,distal part of ileum,FMA:14966,mucosa,,,Lamina propria/Gut associated lymphoid tissue (GALT),,,,,,,,,B cell,,,"MKI67, PAX5, MS4A1",,,,,,,,,,,,,,,,,,,,,,,,,,,,,,,"CD21, CD19",CD21,,,CD19,,,,,,,,,,,,,,,,,,,,,,,,,,,,,,,,,,,,,,,,,,,,,,,,,,,,,,,,,,,,,,,,,,,,,
Small Intestine,small intestine,UBERON:0002108,terminal ileum,distal part of ileum,FMA:14966,mucosa,,,Lamina propria/Gut associated lymphoid tissue (GALT),,,,,,,,,plasma,,,IGLL5,,,,,,,,,,,,,,,,,,,,,,,,,,,,,,,CD138,CD138,,,,,,,,,,,,,,,,,,,,,,,,,,,,,,,,,,,,,,,,,,,,,,,,,,,,,,,,,,,,,,,,,,,,,,,,
Small Intestine,small intestine,UBERON:0002108,terminal ileum,distal part of ileum,FMA:14966,mucosa,,,Lamina propria/Gut associated lymphoid tissue (GALT),,,,,,,,,CD4+ T,,,"CD3, CD7, CD2, CD5, TCRab, CD4",,,,,,,,,,,,,,,,,,,,,,,,,,,,,,,,,,,,,,,,,,,,,,,,,,,,,,,,,,,,,,,,,,,,,,,,,,,,,,,,,,,,,,,,,,,,,,,,,,,,,,,,
Small Intestine,small intestine,UBERON:0002108,terminal ileum,distal part of ileum,FMA:14966,mucosa,,,Lamina propria/Gut associated lymphoid tissue (GALT),,,,,,,,,regulatory CD4+ T,,,"CD4, FOXP3",,,,,,,,,,,,,,,,,,,,,,,,,,,,,,,"CD4, FOXP3, CD25",CD4,,,FOXP3,,,CD25,,,,,,,,,,,,,,,,,,,,,,,,,,,,,,,,,,,,,,,,,,,,,,,,,,,,,,,,,,,,,,,,,,
Small Intestine,small intestine,UBERON:0002108,terminal ileum,distal part of ileum,FMA:14966,mucosa,,,Lamina propria/Gut associated lymphoid tissue (GALT),,,,,,,,,CD8+ T,,,"MGLL, TAGLN, CD3D, CD8A, CD2",,,,,,,,,,,,,,,,,,,,,,,,,,,,,,,"CD3, CD7, CD2, CD5, TCRab, CD8",CD3,,,CD7,,,CD2,,,CD5,,,TCRab,,,,CD8,,,,,,,,,,,,,,,,,,,,,,,,,,,,,,,,,,,,,,,,,,,,,,,,,,,,,,,,
Small Intestine,small intestine,UBERON:0002108,terminal ileum,distal part of ileum,FMA:14966,mucosa,,,Lamina propria/Gut associated lymphoid tissue (GALT),,,,,,,,,macrophages,,,CD14,,,,,,,,,,,,,,,,,,,,,,,,,,,,,,,"HLA-DR, CD163, CD206, CD11b, CD68",HLA-DR,,,CD163,,,CD206,,,CD11b,,,CD68,,,,,,,,,,,,,,,,,,,,,,,,,,,,,,,,,,,,,,,,,,,,,,,,,,,,,,,,,,,,
Small Intestine,small intestine,UBERON:0002108,terminal ileum,distal part of ileum,FMA:14966,mucosa,,,Lamina propria/Gut associated lymphoid tissue (GALT),,,,,,,,,eosinophils,,,,,,,,,,,,,,,,,,,,,,,,,,,,,,,,,,"CD11b, CD294",CD11b,,,CD294,,,,,,,,,,,,,,,,,,,,,,,,,,,,,,,,,,,,,,,,,,,,,,,,,,,,,,,,,,,,,,,,,,,,,
Small Intestine,small intestine,UBERON:0002108,terminal ileum,distal part of ileum,FMA:14966,mucosa,,,Lamina propria/Gut associated lymphoid tissue (GALT),,,,,,,,,mast cells,,,HDC,,,,,,,,,,,,,,,,,,,,,,,,,,,,,,,"CD117, MCT",CD117,,,MCT,,,,,,,,,,,,,,,,,,,,,,,,,,,,,,,,,,,,,,,,,,,,,,,,,,,,,,,,,,,,,,,,,,,,,
Small Intestine,small intestine,UBERON:0002108,terminal ileum,distal part of ileum,FMA:14966,mucosa,,,Lamina propria/Gut associated lymphoid tissue (GALT),,,,,,,,,neutrophils,,,,,,,,,,,,,,,,,,,,,,,,,,,,,,,,,,"CD15, CD16",CD15,,,CD16,,,,,,,,,,,,,,,,,,,,,,,,,,,,,,,,,,,,,,,,,,,,,,,,,,,,,,,,,,,,,,,,,,,,,
Small Intestine,small intestine,UBERON:0002108,terminal ileum,distal part of ileum,FMA:14966,mucosa,,,Lamina propria/Gut associated lymphoid tissue (GALT),,,,,,,,,NK cells,,,,,,,,,,,,,,,,,,,,,,,,,,,,,,,,,,"CD56, CD57, CD11c, NKG2D",CD56,,,CD57,,,CD11c,,,NKG2D,,,,,,,,,,,,,,,,,,,,,,,,,,,,,,,,,,,,,,,,,,,,,,,,,,,,,,,,,,,,,,,
Small Intestine,small intestine,UBERON:0002108,terminal ileum,distal part of ileum,FMA:14966,mucosa,,,Lamina propria/Gut associated lymphoid tissue (GALT),,,,,,,,,DCs,,,,,,,,,,,,,,,,,,,,,,,,,,,,,,,,,,"HLA-DR, CD11c, CD123",HLA-DR,,,CD11c,,,CD123,,,,,,,,,,,,,,,,,,,,,,,,,,,,,,,,,,,,,,,,,,,,,,,,,,,,,,,,,,,,,,,,,,
Small Intestine,small intestine,UBERON:0002108,terminal ileum,distal part of ileum,FMA:14966,mucosa,,,Lamina propria/Gut associated lymphoid tissue (GALT),,,,,,,,,ILCs,,,,,,,,,,,,,,,,,,,,,,,,,,,,,,,,,,"CD127, CD117, CD161",CD127,,,CD117,,,CD161,,,,,,,,,,,,,,,,,,,,,,,,,,,,,,,,,,,,,,,,,,,,,,,,,,,,,,,,,,,,,,,,,,
Small Intestine,small intestine,UBERON:0002108,terminal ileum,distal part of ileum,FMA:14966,mucosa,,,muscularis mucosa,,,,,,,,,muscle,,,,,,,,,,,,,,,,,,,,,,,,,,,,,,,,,,aSMA,aSMA,,,,,,,,,,,,,,,,,,,,,,,,,,,,,,,,,,,,,,,,,,,,,,,,,,,,,,,,,,,,,,,,,,,,,,,,
Small Intestine,small intestine,UBERON:0002108,terminal ileum,distal part of ileum,FMA:14966,submucosa,,,,,,,,,,,,nerves,,,,,,,,,,,,,,,,,,,,,,,,,,,,,,,,,,"PDL1, CD56, PGP9.5",PDL1,,,CD56,,,PGP9.5,,,,,,,,,,,,,,,,,,,,,,,,,,,,,,,,,,,,,,,,,,,,,,,,,,,,,,,,,,,,,,,,,,
Small Intestine,small intestine,UBERON:0002108,terminal ileum,distal part of ileum,FMA:14966,submucosa,,,,,,,,,,,,endoethlial,,,"NOVA2, SOX17",,,,,,,,,,,,,,,,,,,,,,,,,,,,,,,"CD31, CD34, CD36",CD31,,,CD34,,,CD36,,,,,,,,,,,,,,,,,,,,,,,,,,,,,,,,,,,,,,,,,,,,,,,,,,,,,,,,,,,,,,,,,,
Small Intestine,small intestine,UBERON:0002108,terminal ileum,distal part of ileum,FMA:14966,submucosa,,,,,,,,,,,,lymphatic,,,,,,,,,,,,,,,,,,,,,,,,,,,,,,,,,,"CD31, Podoplanin",CD31,,,Podoplanin,,,,,,,,,,,,,,,,,,,,,,,,,,,,,,,,,,,,,,,,,,,,,,,,,,,,,,,,,,,,,,,,,,,,,
Small Intestine,small intestine,UBERON:0002108,terminal ileum,distal part of ileum,FMA:14966,submucosa,,,submucosal plexus of Meissner,,,,,,,,,nerves,,,,,,,,,,,,,,,,,,,,,,,,,,,,,,,,,,"PDL1, CD56, PGP9.5",PDL1,,,CD56,,,PGP9.5,,,,,,,,,,,,,,,,,,,,,,,,,,,,,,,,,,,,,,,,,,,,,,,,,,,,,,,,,,,,,,,,,,
Small Intestine,small intestine,UBERON:0002108,terminal ileum,distal part of ileum,FMA:14966,submucosa,,,submucosal plexus of Meissner,,,,,,,,,muscle,,,,,,,,,,,,,,,,,,,,,,,,,,,,,,,,,,aSMA,aSMA,,,,,,,,,,,,,,,,,,,,,,,,,,,,,,,,,,,,,,,,,,,,,,,,,,,,,,,,,,,,,,,,,,,,,,,,
Small Intestine,small intestine,UBERON:0002108,terminal ileum,distal part of ileum,FMA:14966,muscularis externa,,,circular/longitudinal muscle,,,,,,,,,muscle,,,,,,,,,,,,,,,,,,,,,,,,,,,,,,,,,,aSMA,aSMA,,,,,,,,,,,,,,,,,,,,,,,,,,,,,,,,,,,,,,,,,,,,,,,,,,,,,,,,,,,,,,,,,,,,,,,,
Small Intestine,small intestine,UBERON:0002108,terminal ileum,distal part of ileum,FMA:14966,muscularis externa,,,circular/longitudinal muscle,,,,,,,,,Interstitial cells of Cajal,,,,,,,,,,,,,,,,,,,,,,,,,,,,,,,,,,"CD117, CD34",CD117,,,CD34,,,,,,,,,,,,,,,,,,,,,,,,,,,,,,,,,,,,,,,,,,,,,,,,,,,,,,,,,,,,,,,,,,,,,
Small Intestine,small intestine,UBERON:0002108,terminal ileum,distal part of ileum,FMA:14966,muscularis externa,,,circular/longitudinal muscle,,,,,,,,,fibroblasts,,,"COL6A1, COL6A2",,,,,,,,,,,,,,,,,,,,,,,,,,,,,,,"Col6A1, Col6A2",Col6A1,,,Col6A2,,,,,,,,,,,,,,,,,,,,,,,,,,,,,,,,,,,,,,,,,,,,,,,,,,,,,,,,,,,,,,,,,,,,,
Small Intestine,small intestine,UBERON:0002108,terminal ileum,distal part of ileum,FMA:14966,muscularis externa,,,circular/longitudinal muscle,,,,,,,,,endothelial,,,"NOVA2, SOX17",,,,,,,,,,,,,,,,,,,,,,,,,,,,,,,"CD31, CD34, CD36",CD31,,,CD34,,,CD36,,,,,,,,,,,,,,,,,,,,,,,,,,,,,,,,,,,,,,,,,,,,,,,,,,,,,,,,,,,,,,,,,,
Small Intestine,small intestine,UBERON:0002108,terminal ileum,distal part of ileum,FMA:14966,muscularis externa,,,circular/longitudinal muscle,,,,,,,,,nerves,,,,,,,,,,,,,,,,,,,,,,,,,,,,,,,,,,"PDL1, CD56, PGP9.5",PDL1,,,CD56,,,PGP9.5,,,,,,,,,,,,,,,,,,,,,,,,,,,,,,,,,,,,,,,,,,,,,,,,,,,,,,,,,,,,,,,,,,
Small Intestine,small intestine,UBERON:0002108,terminal ileum,distal part of ileum,FMA:14966,muscularis externa,,,myenteric plexus of Auerbach,,,,,,,,,nerves,,,,,,,,,,,,,,,,,,,,,,,,,,,,,,,,,,"PDL1, CD56, PGP9.5",PDL1,,,CD56,,,PGP9.5,,,,,,,,,,,,,,,,,,,,,,,,,,,,,,,,,,,,,,,,,,,,,,,,,,,,,,,,,,,,,,,,,,
Small Intestine,small intestine,UBERON:0002108,terminal ileum,distal part of ileum,FMA:14966,muscularis externa,,,myenteric plexus of Auerbach,,,,,,,,,muscle,,,,,,,,,,,,,,,,,,,,,,,,,,,,,,,,,,aSMA,aSMA,,,,,,,,,,,,,,,,,,,,,,,,,,,,,,,,,,,,,,,,,,,,,,,,,,,,,,,,,,,,,,,,,,,,,,,,
Small Intestine,small intestine,UBERON:0002108,terminal ileum,distal part of ileum,FMA:14966,serosa,,,,,,,,,,,,mesothelial,,,,,,,,,,,,,,,,,,,,,,,,,,,,,,,,,,Cytokeratin,Cytokeratin,,,,,,,,,,,,,,,,,,,,,,,,,,,,,,,,,,,,,,,,,,,,,,,,,,,,,,,,,,,,,,,,,,,,,,,,
Small Intestine,small intestine,UBERON:0002108,terminal ileum,distal part of ileum,FMA:14966,serosa,,,,,,,,,,,,fibroblasts,,,"COL6A1, COL6A2",,,,,,,,,,,,,,,,,,,,,,,,,,,,,,,,,,,,,,,,,,,,,,,,,,,,,,,,,,,,,,,,,,,,,,,,,,,,,,,,,,,,,,,,,,,,,,,,,,,,,,,,
Small Intestine,small intestine,UBERON:0002108,terminal ileum,distal part of ileum,FMA:14966,serosa,,,,,,,,,,,,endothelial cells,,,"NOVA2, SOX17",,,,,,,,,,,,,,,,,,,,,,,,,,,,,,,,,,,,,,,,,,,,,,,,,,,,,,,,,,,,,,,,,,,,,,,,,,,,,,,,,,,,,,,,,,,,,,,,,,,,,,,,