"Anatomical Structures, Cell Types and Biomarkers Table for Skin v1.2",,,,,,,,,,,,,,,,,,,,,,,,,,,,,,,,,,,,,,,,,,
,,,,,,,,,,,,,,,,,,,,,,,,,,,,,,,,,,,,,,,,,,
Author Name(s):,Fiona Ginty; Jonhan Ho; Joel Sunshine,,,,,,,,,,,,,,,,,,,,,,,,,,,,,,,,,,,,,,,,,
Author ORCID(s):,0000-0001-6638-683X; 0000-0002-1134-8585; 0000-0001-9987-6712,,,,,,,,,,,,,,,,,,,,,,,,,,,,,,,,,,,,,,,,,
Reviewer(s):,Lou Falo; Muzlifah A. Haniffa; Hemali Phatnani; David M. Owens; Ellen M. Quardokus,,,,,,,,,,,,,,,,,,,,,,,,,,,,,,,,,,,,,,,,,
Reviewer ORCID(s):,0000-0001-9813-0433; 0000-0002-3927-2084;0000-0002-6571-3891; 0000-0003-0297-4370; 0000-0001-7655-4833 ,,,,,,,,,,,,,,,,,,,,,,,,,,,,,,,,,,,,,,,,,
General Publication(s):,DOI: 10.1038/s41467-020-19383-8,,,,,,,,,,,,,,,,,,,,,,,,,,,,,,,,,,,,,,,,,
Data DOI:,https://doi.org/10.48539/HBM725.JHNS.532,,,,,,,,,,,,,,,,,,,,,,,,,,,,,,,,,,,,,,,,,
Date:,5/6/2022,,,,,,,,,,,,,,,,,,,,,,,,,,,,,,,,,,,,,,,,,
Version Number:,v1.2,,,,,,,,,,,,,,,,,,,,,,,,,,,,,,,,,,,,,,,,,
AS/1,AS/1/LABEL,AS/1/ID,AS/2,AS/2/LABEL,AS/2/ID,AS/3,AS/3/LABEL,AS/3/ID,CT/1,CT/1/LABEL,CT/1/ID,CT/1/NOTES,REF/1,REF/1/DOI,REF/1/NOTES,BProtein/1,BProtein/1/LABEL,BProtein/1/ID,BProtein/2,BProtein/2/LABEL,BProtein/2/ID,BProtein/3,BProtein/3/LABEL,BProtein/3/ID,BProtein/4,BProtein/4/LABEL,BProtein/4/ID,BProtein/5,BProtein/5/LABEL,BProtein/5/ID,FTU/1,FTU/1/LABEL,FTU/1/ID,REF/2,REF/2/DOI,REF/2/NOTES,REF/3,REF/3/DOI,REF/3/NOTES,REF/4,REF/4/DOI,REF/4/NOTES
skin,skin of body,UBERON:0002097,Epidermis,skin epidermis,UBERON:0001003,Stratum corneum (SC),stratum corneum of epidermis,UBERON:0002027,Keratinocyte (Corneocyte),corneocyte,CL:0002153,,PMID: 8689554.,DOI: 10.1146/annurev.cb.11.110195.001011,Fuchs E. Keratins and the skin. Annu Rev Cell Dev Biol. 1995;11:123-53.,Involucrin,IVL,HGNC:6187,filaggrin,FLG,HGNC:3748,,,,,,,,,,Epidermis,skin epidermis,UBERON:0001003,PMID: 8752847,DOI: 10.1111/1523-1747.ep12298323,"Robinson NA, LaCelle PT, Eckert RL. Involucrin is a covalently crosslinked constituent of highly purified epidermal corneocytes: evidence for a common pattern of involucrin crosslinking in vivo and in vitro. J Invest Dermatol. 1996 Jul;107(1):101-7.",PMID: 2248957,DOI: 10.1021/bi00492a018,"Gan SQ, McBride OW, Idler WW, Markova N, Steinert PM. Organization, structure, and polymorphisms of the human profilaggrin gene. Biochemistry. 1990 Oct 9;29(40):9432-40. DOI: 10.1021/bi00492a018. Erratum in: Biochemistry. 1991 Jun 11;30(23):5814",,,
skin,skin of body,UBERON:0002097,Epidermis,skin epidermis,UBERON:0001003,Stratum granulosum (SG),stratum granulosum of epidermis,UBERON:0002069,Keratinocyte (Granular),keratinocyte,CL:0000312,,PMID: 8689554.,DOI: 10.1146/annurev.cb.11.110195.001011,Fuchs E. Keratins and the skin. Annu Rev Cell Dev Biol. 1995;11:123-53.,keratin 10,KRT10,HGNC:6413,tumor protein p53,p53,HGNC:11998,marker of proliferation Ki-67,MKI67,HGNC:7107,damage specific DNA binding protein 2,DDB2,HGNC:2718,,,,Epidermis,skin epidermis,UBERON:0001003,PMID: 16831889,DOI: 10.1083/jcb.200603161,"Schweizer J, Bowden PE, Coulombe PA, Langbein L, Lane EB, Magin TM, Maltais L, Omary MB, Parry DA, Rogers MA, Wright MW. New consensus nomenclature for mammalian keratins. J Cell Biol. 2006 Jul 17;174(2):169-74.",PMID: 16831889,DOI: 10.1083/jcb.200603161,"Schweizer J, Bowden PE, Coulombe PA, Langbein L, Lane EB, Magin TM, Maltais L, Omary MB, Parry DA, Rogers MA, Wright MW. New consensus nomenclature for mammalian keratins. J Cell Biol. 2006 Jul 17;174(2):169-74.",,,
skin,skin of body,UBERON:0002097,Epidermis,skin epidermis,UBERON:0001003,Stratum granulosum (SG),stratum granulosum of epidermis,UBERON:0002069,Langerhans cell,epidermal Langerhans cell,CL:0002457,,PMID: 6397423.,DOI: 10.1016/S0171-2985(84)80117-5,"Streilein JW, Bergstresser PR. Langerhans cells: antigen presenting cells of the epidermis. Immunobiology. 1984 Dec;168(3-5):285-300.",CD1a molecule,CD1A,HGNC:1634,CD207 molecule,CD207,HGNC:17935,class II major histocompatibility complex transactivator,CIITA,HGNC:7067,,,,,,,Epidermis,skin epidermis,UBERON:0001003,PMID: 2784820,DOI: 10.1111/1523-1747.ep12712175,"Longley J, Kraus J, Alonso M, Edelson R. Molecular cloning of CD1a (T6), a human epidermal dendritic cell marker related to class I MHC molecules. J Invest Dermatol. 1989 Apr;92(4):628-31.",PMID: 10661407,DOI: 10.1016/s1074-7613(00)80160-0,"Valladeau J, Ravel O, Dezutter-Dambuyant C, Moore K, Kleijmeer M, Liu Y, Duvert-Frances V, Vincent C, Schmitt D, Davoust J, Caux C, Lebecque S, Saeland S. Langerin, a novel C-type lectin specific to Langerhans cells, is an endocytic receptor that induces the formation of Birbeck granules. Immunity. 2000 Jan;12(1):71-81.",,,
skin,skin of body,UBERON:0002097,Epidermis,skin epidermis,UBERON:0001003,Stratum spinosum (SS),stratum spinosum of epidermis,UBERON:0002026,Keratinocytes (Spinous),prickle cell,CL:0000649,,PMID: 12981303.,DOI: 10.1038/jid.1952.87,"LADEN EL, ERICKSON JO, ARMEN D. Electron microscopic study of epidermal prickle cells. J Invest Dermatol. 1952 May;19(3):211-5.",keratin 1,KRT1,HGNC:6412,keratin 10,KRT10,HGNC:6413,,,,,,,,,,Epidermis,skin epidermis,UBERON:0001003,PMID: 16831889,DOI: 10.1083/jcb.200603161,"Schweizer J, Bowden PE, Coulombe PA, Langbein L, Lane EB, Magin TM, Maltais L, Omary MB, Parry DA, Rogers MA, Wright MW. New consensus nomenclature for mammalian keratins. J Cell Biol. 2006 Jul 17;174(2):169-74.",PMID: 16831889,DOI: 10.1083/jcb.200603161,"Schweizer J, Bowden PE, Coulombe PA, Langbein L, Lane EB, Magin TM, Maltais L, Omary MB, Parry DA, Rogers MA, Wright MW. New consensus nomenclature for mammalian keratins. J Cell Biol. 2006 Jul 17;174(2):169-74.",,,
skin,skin of body,UBERON:0002097,Epidermis,skin epidermis,UBERON:0001003,Stratum spinosum (SS),stratum spinosum of epidermis,UBERON:0002026,Langerhans cell,epidermal Langerhans cell,CL:0002457,,PMID: 6397423.,DOI: 10.1016/S0171-2985(84)80117-5,"Streilein JW, Bergstresser PR. Langerhans cells: antigen presenting cells of the epidermis. Immunobiology. 1984 Dec;168(3-5):285-300.",CD1a molecule,CD1A,HGNC:1634,CD207 molecule,CD207,HGNC:17935,,,,,,,,,,Epidermis,skin epidermis,UBERON:0001003,PMID: 2784820,DOI: 10.1111/1523-1747.ep12712175,"Longley J, Kraus J, Alonso M, Edelson R. Molecular cloning of CD1a (T6), a human epidermal dendritic cell marker related to class I MHC molecules. J Invest Dermatol. 1989 Apr;92(4):628-31.",PMID: 10661407,DOI: 10.1016/s1074-7613(00)80160-0,"Valladeau J, Ravel O, Dezutter-Dambuyant C, Moore K, Kleijmeer M, Liu Y, Duvert-Frances V, Vincent C, Schmitt D, Davoust J, Caux C, Lebecque S, Saeland S. Langerin, a novel C-type lectin specific to Langerhans cells, is an endocytic receptor that induces the formation of Birbeck granules. Immunity. 2000 Jan;12(1):71-81.",,,
skin,skin of body,UBERON:0002097,Epidermis,skin epidermis,UBERON:0001003,Stratum spinosum (SS),stratum spinosum of epidermis,UBERON:0002026,Merkel cell,Merkel cell,CL:0000242,,PMID: 24574661,DOI: 10.4103/0973-029X.125208,"Munde PB, Khandekar SP, Dive AM, Sharma A. Pathophysiology of merkel cell. J Oral Maxillofac Pathol. 2013 Sep;17(3):408-12.",Keratin 20,KRT20,HGNC:20412,synaptophysin,SYP,HGNC:11506,,,,,,,,,,Epidermis,skin epidermis,UBERON:0001003,PMID: 3141225,DOI: 10.1159/000248491,"Ortonne JP, Petchot-Bacque JP, Verrando P, Pisani A, Pautrat G, Bernerd F. Normal Merkel cells express a synaptophysin-like immunoreactivity. Dermatologica. 1988;177(1):1-10.",pmid:7769257,DOI: 10.1111/1523-1747.ep12606183,"Moll I, Kuhn C, Moll R. Cytokeratin 20 is a general marker of cutaneous Merkel cells while certain neuronal proteins are absent. J Invest Dermatol. 1995 Jun;104(6):910-5.",,,
skin,skin of body,UBERON:0002097,Epidermis,skin epidermis,UBERON:0001003,Stratum basale (SB),stratum basale of epidermis,UBERON:0002025,Keratinocyte (Basal),basal cell,CL:0000646,,PMID: 21860392,DOI: 10.1038/nrm3175,"Simpson CL, Patel DM, Green KJ. Deconstructing the skin: cytoarchitectural determinants of epidermal morphogenesis. Nat Rev Mol Cell Biol. 2011 Aug 23;12(9):565-80.",keratin 5,KRT5,HGNC:6442,keratin 14,KRT14,HGNC:6416,tumor protein p53,p53,HGNC:11998,marker of proliferation Ki-67,MKI67,HGNC:7107,damage specific DNA binding protein 2,DDB2,HGNC:2718,Epidermis,skin epidermis,UBERON:0001003,PMID: 16831889,DOI: 10.1083/jcb.200603161,"Schweizer J, Bowden PE, Coulombe PA, Langbein L, Lane EB, Magin TM, Maltais L, Omary MB, Parry DA, Rogers MA, Wright MW. New consensus nomenclature for mammalian keratins. J Cell Biol. 2006 Jul 17;174(2):169-74.",PMID: 16831889,DOI: 10.1083/jcb.200603161,"Schweizer J, Bowden PE, Coulombe PA, Langbein L, Lane EB, Magin TM, Maltais L, Omary MB, Parry DA, Rogers MA, Wright MW. New consensus nomenclature for mammalian keratins. J Cell Biol. 2006 Jul 17;174(2):169-74.",,,
skin,skin of body,UBERON:0002097,Epidermis,skin epidermis,UBERON:0001003,Stratum basale (SB),stratum basale of epidermis,UBERON:0002025,Langerhans cell,epidermal Langerhans cell,CL:0002457,,PMID: 6397423.,DOI: 10.1016/S0171-2985(84)80117-5,"Streilein JW, Bergstresser PR. Langerhans cells: antigen presenting cells of the epidermis. Immunobiology. 1984 Dec;168(3-5):285-300.",CD1a molecule,CD1A,HGNC:1634,CD207 molecule,CD207,HGNC:17935,,,,,,,,,,Epidermis,skin epidermis,UBERON:0001003,PMID: 2784820,DOI: 10.1111/1523-1747.ep12712175,"Longley J, Kraus J, Alonso M, Edelson R. Molecular cloning of CD1a (T6), a human epidermal dendritic cell marker related to class I MHC molecules. J Invest Dermatol. 1989 Apr;92(4):628-31.",PMID: 10661407,DOI: 10.1016/s1074-7613(00)80160-0,"Valladeau J, Ravel O, Dezutter-Dambuyant C, Moore K, Kleijmeer M, Liu Y, Duvert-Frances V, Vincent C, Schmitt D, Davoust J, Caux C, Lebecque S, Saeland S. Langerin, a novel C-type lectin specific to Langerhans cells, is an endocytic receptor that induces the formation of Birbeck granules. Immunity. 2000 Jan;12(1):71-81.",,,
skin,skin of body,UBERON:0002097,Epidermis,skin epidermis,UBERON:0001003,Stratum basale (SB),stratum basale of epidermis,UBERON:0002025,Merkel cell,Merkel cell,CL:0000242,,PMID: 24574661,DOI: 10.4103/0973-029X.125208,"Munde PB, Khandekar SP, Dive AM, Sharma A. Pathophysiology of merkel cell. J Oral Maxillofac Pathol. 2013 Sep;17(3):408-12.",synaptophysin,SYP,HGNC:11506,chromogranin A,CHGA,HGNC:1929,keratin 20,KRT20,HGNC:20412,,,,,,,Epidermis,skin epidermis,UBERON:0001003,pmid:7769257,DOI: 10.1111/1523-1747.ep12606183,"Moll I, Kuhn C, Moll R. Cytokeratin 20 is a general marker of cutaneous Merkel cells while certain neuronal proteins are absent. J Invest Dermatol. 1995 Jun;104(6):910-5.",PMID: 2677156,DOI: 10.1111/1523-1747.ep12319788,"Schweizer J, Bowden PE, Coulombe PA, Langbein L, Lane EB, Magin TM, Maltais L, Omary MB, Parry DA, Rogers MA, Wright MW. New consensus nomenclature for mammalian keratins. J Cell Biol. 2006 Jul 17;174(2):169-74.",PMID: 16831889,DOI: 10.1083/jcb.200603161,"Schweizer J, Bowden PE, Coulombe PA, Langbein L, Lane EB, Magin TM, Maltais L, Omary MB, Parry DA, Rogers MA, Wright MW. New consensus nomenclature for mammalian keratins. J Cell Biol. 2006 Jul 17;174(2):169-74."
skin,skin of body,UBERON:0002097,Epidermis,skin epidermis,UBERON:0001003,Stratum basale (SB),stratum basale of epidermis,UBERON:0002025,Melanocyte,melanocyte of skin,CL:1000458,,PMID: 33029006,DOI: 10.1038/s41586-020-2785-8,"Tang J, Fewings E, Chang D, Zeng H, Liu S, Jorapur A, Belote RL, McNeal AS, Tan TM, Yeh I, Arron ST, Judson-Torres RL, Bastian BC, Shain AH. The genomic landscapes of individual melanocytes from human skin. Nature. 2020 Oct;586(7830):600-605.",SRY-box transcription factor 10,SOX10,HGNC:11190,S100 calcium binding protein A2,S100A2,HGNC:10492,melan-A,MLANA,HGNC:7124,,,,,,,Epidermis,skin epidermis,UBERON:0001003,PMID: 12944398,DOI: 10.1074/jbc.m309036200,"Huber WE, Price ER, Widlund HR, Du J, Davis IJ, Wegner M, Fisher DE. A tissue-restricted cAMP transcriptional response: SOX10 modulates alpha-melanocyte-stimulating hormone-triggered expression of microphthalmia-associated transcription factor in melanocytes. J Biol Chem. 2003 Nov 14;278(46):45224-30.",PMID: 9274623,DOI: 10.1046/j.1365-2133.1997.17651853.x,"B√∂ni R, Burg G, Doguoglu A, Ilg EC, Sch√§fer BW, M√ºller B, Heizmann CW. Immunohistochemical localization of the Ca2+ binding S100 proteins in normal human skin and melanocytic lesions. Br J Dermatol. 1997 Jul;137(1):39-43.",PMID: 12191019,DOI: 10.1034/j.1600-0854.2002.30909.x,"De Mazi√®re AM, Muehlethaler K, van Donselaar E, Salvi S, Davoust J, Cerottini JC, L√©vy F, Slot JW, Rimoldi D. The melanocytic protein Melan-A/MART-1 has a subcellular localization distinct from typical melanosomal proteins. Traffic. 2002 Sep;3(9):678-93."
skin,skin of body,UBERON:0002097,Epidermis,skin epidermis,UBERON:0001003,Nail plate,nail plate,UBERON:0008198,Keratinocyte (Onychocyte),,,Add to CL,PMID: 15327543.,DOI: 10.1111/j.1365-2133.2004.06108.x,"Perrin C, Langbein L, Schweizer J. Expression of hair keratins in the adult nail unit: an immunohistochemical analysis of the onychogenesis in the proximal nail fold, matrix and nail bed. Br J Dermatol. 2004 Aug;151(2):362-71.",keratin 5,KRT5,HGNC:6442,keratin 10,KRT10,HGNC:6413,keratin 17,KRT17,HGNC:6427,,,,,,,Epidermis,skin epidermis,UBERON:0001003,PMID: 15327543.,DOI: 10.1111/j.1365-2133.2004.06108.x,"Perrin C, Langbein L, Schweizer J. Expression of hair keratins in the adult nail unit: an immunohistochemical analysis of the onychogenesis in the proximal nail fold, matrix and nail bed. Br J Dermatol. 2004 Aug;151(2):362-71.",PMID: 15327543.,DOI: 10.1111/j.1365-2133.2004.06108.x,"Perrin C, Langbein L, Schweizer J. Expression of hair keratins in the adult nail unit: an immunohistochemical analysis of the onychogenesis in the proximal nail fold, matrix and nail bed. Br J Dermatol. 2004 Aug;151(2):362-71.",PMID: 15327543.,DOI: 10.1111/j.1365-2133.2004.06108.x,"Perrin C, Langbein L, Schweizer J. Expression of hair keratins in the adult nail unit: an immunohistochemical analysis of the onychogenesis in the proximal nail fold, matrix and nail bed. Br J Dermatol. 2004 Aug;151(2):362-71."
skin,skin of body,UBERON:0002097,Dermis,dermis,UBERON:0002067,Hair follicles,hair follicle,UBERON:0002073,keratinocyte stem cell,keratinocyte stem cell,CL:0002337,,PMID: 20568222.,DOI: 10.1002/jcp.22275,"Pincelli C, Marconi A. Keratinocyte stem cells: friends and foes. J Cell Physiol. 2010 Nov;225(2):310-5.",keratin 15,KRT15,HGNC:6421,CD200 molecule,HGNC:7203,CD200,CD34 molecule,CD34,HGNC:1662,,,,,,,Dermis,dermis,UBERON:0002067,PMID: 19506554,DOI: 10.1038/labinvest.2009.48,"Inoue K, Aoi N, Sato T, Yamauchi Y, Suga H, Eto H, Kato H, Araki J, Yoshimura K. Differential expression of stem-cell-associated markers in human hair follicle epithelial cells. Lab Invest. 2009 Aug;89(8):844-56.",PMID: 19506554,DOI: 10.1038/labinvest.2009.48,"Inoue K, Aoi N, Sato T, Yamauchi Y, Suga H, Eto H, Kato H, Araki J, Yoshimura K. Differential expression of stem-cell-associated markers in human hair follicle epithelial cells. Lab Invest. 2009 Aug;89(8):844-56.",PMID: 19506554,DOI: 10.1038/labinvest.2009.48,"Inoue K, Aoi N, Sato T, Yamauchi Y, Suga H, Eto H, Kato H, Araki J, Yoshimura K. Differential expression of stem-cell-associated markers in human hair follicle epithelial cells. Lab Invest. 2009 Aug;89(8):844-56."
skin,skin of body,UBERON:0002097,Dermis,dermis,UBERON:0002067,Sebaceous glands,sebaceous gland,UBERON:0001821,"Germinative (epithelial) cell, Sebocyte",sebum secreting cell,CL:0000151,,PMID: 19944183,DOI: 10.1016/j.biocel.2009.11.017,"Schneider MR, Paus R. Sebocytes, multifaceted epithelial cells: lipid production and holocrine secretion. Int J Biochem Cell Biol. 2010 Feb;42(2):181-5.",Epidermal membrane Antigen,MUC1,HGNC:7508,perilipin 2,PLIN2,HGNC:248,,,,,,,,,,Dermis,dermis,UBERON:0002067,PMID: 20224690,DOI: 10.4161/derm.1.2.8736,"Xia L, Zouboulis CC, Ju Q. Culture of human sebocytes in vitro. Dermatoendocrinol. 2009 Mar;1(2):92-5.",PMID: 23688400,DOI: 10.1016/j.bbagen.2013.05.016,"Dahlhoff M, Camera E, Picardo M, Zouboulis CC, Chan L, Chang BH, Schneider MR. PLIN2, the major perilipin regulated during sebocyte differentiation, controls sebaceous lipid accumulation in vitro and sebaceous gland size in vivo. Biochim Biophys Acta. 2013 Oct;1830(10):4642-9.",,,
skin,skin of body,UBERON:0002097,Dermis,dermis,UBERON:0002067,Eccrine (sweat) glands,eccrine sweat gland,UBERON:0000423,myoepithelial cell,myoepithelial cell of sweat gland,CL:1000417,,PMID: 26014472,DOI: 10.1111/exd.12773,"Cui CY, Schlessinger D. Eccrine sweat gland development and sweat secretion. Exp Dermatol. 2015 Sep;24(9):644-50.",keratin 19,KRT19,HGNC:6436,S100 calcium binding protein A2,S100A2,HGNC:10492,keratin 26,KRT26,HGNC:30840,,,,,,,Dermis,dermis,UBERON:0002067,PMID: 2414369,DOI: 10.1111/1523-1747.ep12277180,"Hori K, Hashimoto K, Eto H, Dekio S. Keratin type intermediate filaments in sweat gland myoepithelial cells. J Invest Dermatol. 1985 Nov;85(5):453-9.",PMID: 9274623,DOI: 10.1046/j.1365-2133.1997.17651853.x,"B√∂ni R, Burg G, Doguoglu A, Ilg EC, Sch√§fer BW, M√ºller B, Heizmann CW. Immunohistochemical localization of the Ca2+ binding S100 proteins in normal human skin and melanocytic lesions. Br J Dermatol. 1997 Jul;137(1):39-43.",,,
skin,skin of body,UBERON:0002097,Dermis,dermis,UBERON:0002067,Apocrine glands,apocrine gland,UBERON:0008974,myoepithelial cell,myoepithelial cell of sweat gland,CL:1000417,,,,"Montagna, William, and Paul F. Parakkal. 1974. The Structure and Function of Skin. 3rd ed. New York, NY, USA: Academic Press. ISBN 13:978-0-12-505263-4",Keratin AE1,,,GCDFP-15,PIP,HGNC:8993,GATA3,GATA3,HGNC:4172,,,,,,,Dermis,dermis,UBERON:0002067,PMID: 6183275,DOI: 10.1083/jcb.95.2.580,"Woodcock-Mitchell J, Eichner R, Nelson WG, Sun TT. Immunolocalization of keratin polypeptides in human epidermis using monoclonal antibodies. J Cell Biol. 1982 Nov;95(2 Pt 1):580-8.",PMID: 11764285,DOI: 10.1046/j.0022-202x.2001.00005.x,Saga K. Histochemical and immunohistochemical markers for human eccrine and apocrine sweat glands: an aid for histopathologic differentiation of sweat gland tumors. J Investig Dermatol Symp Proc. 2001 Nov;6(1):49-53.,PMID: 26595821,DOI: 10.1097/DAD.0000000000000306,"Mertens RB, de Peralta-Venturina MN, Balzer BL, Frishberg DP. GATA3 Expression in Normal Skin and in Benign and Malignant Epidermal and Cutaneous Adnexal Neoplasms. Am J Dermatopathol. 2015 Dec;37(12):885-91."
skin,skin of body,UBERON:0002097,Dermis,dermis,UBERON:0002067,,,,myoepithelial cell,myoepithelial cell of sweat gland,CL:1000417,,PMID: 25196208,DOI: 10.1247/csf.14009,"Kurata, Ryuichiro, Sugiko Futaki, Itsuko Nakano, Atsushi Tanemura, Hiroyuki Murota, Ichiro Katayama, and Kiyotoshi Sekiguchi. ""Isolation and characterization of sweat gland myoepithelial cells from human skin."" Cell structure and function (2014): 14009.","actin alpha 2, smooth muscle",ACTA2,HGNC:130,calponin 1,CNN1,HGNC:2155,S100 calcium binding protein A2,S100A2,HGNC:10492,,,,,,,Dermis,dermis,UBERON:0002067,PMID: 25196208,DOI: 10.1247/csf.14009,"Kurata, Ryuichiro, Sugiko Futaki, Itsuko Nakano, Atsushi Tanemura, Hiroyuki Murota, Ichiro Katayama, and Kiyotoshi Sekiguchi. ""Isolation and characterization of sweat gland myoepithelial cells from human skin."" Cell structure and function (2014): 14009.",PMID: 26630681.,DOI: 10.1097/DAD.0000000000000431,"Wood A, Houghton SL, Biswas A. A Comparative Study of Immunohistochemical Myoepithelial Cell Markers in Cutaneous Benign Cystic Apocrine Lesions. Am J Dermatopathol. 2016 Jul;38(7):475-83.",PMID: 9274623,DOI: 10.1046/j.1365-2133.1997.17651853.x,"B√∂ni R, Burg G, Doguoglu A, Ilg EC, Sch√§fer BW, M√ºller B, Heizmann CW. Immunohistochemical localization of the Ca2+ binding S100 proteins in normal human skin and melanocytic lesions. Br J Dermatol. 1997 Jul;137(1):39-43"
skin,skin of body,UBERON:0002097,Dermis,dermis,UBERON:0002067,,,,Fibroblast,skin fibroblast,CL:0002620,,PMID: 25455110.,DOI: 10.1016/j.tcb.2014.10.001,"Driskell RR, Watt FM. Understanding fibroblast heterogeneity in the skin. Trends Cell Biol. 2015 Feb;25(2):92-9.",Factor XIIIa,F3,HGNC:3541,vimentin,VIM,HGNC:12692,CD34 molecule,CD34,HGNC:1662,,,,,,,Dermis,dermis,UBERON:0002067,PMID: 2576222,DOI: 10.1111/j.1365-2133.1989.tb15509.x,"Cerio R, Griffiths CE, Cooper KD, Nickoloff BJ, Headington JT. Characterization of factor XIIIa positive dermal dendritic cells in normal and inflamed skin. Br J Dermatol. 1989 Oct;121(4):421-31.",PMID: 17567584,DOI: 10.1074/jbc.M701586200,"Kueper T, Grune T, Prahl S, Lenz H, Welge V, Biernoth T, Vogt Y, Muhr GM, Gaemlich A, Jung T, Boemke G, Els√§sser HP, Wittern KP, Wenck H, St√§b F, Blatt T. Vimentin is the specific target in skin glycation. Structural prerequisites, functional consequences, and role in skin aging. J Biol Chem. 2007 Aug 10;282(32):23427-36. d",PMID: 8806963,DOI: 10.1097/00000372-199606000-00008,"Narvaez D, Kanitakis J, Faure M, Claudy A. Immunohistochemical study of CD34-positive dendritic cells of human dermis. Am J Dermatopathol. 1996 Jun;18(3):283-8. DOI: 10.1097/00000372-199606000-00008. PMID: 8806963."
skin,skin of body,UBERON:0002097,Dermis,dermis,UBERON:0002067,,,,Mast cell,mast cell,CL:0000097,,PMID: 10582733.,DOI: 10.1016/S1081-1206(10)62853-0,"Church MK, Clough GF. Human skin mast cells: in vitro and in vivo studies. Ann Allergy Asthma Immunol. 1999 Nov;83(5):471-5.",CD203c,ENPP3,HGNC:3358,"KIT proto-oncogene, receptor tyrosine kinase",KIT,HGNC:6342,C-C motif chemokine receptor 3,CCR3,HGNC:1604,,,,,,,Dermis,dermis,UBERON:0002067,PMID: 29431209.,DOI: 10.1111/imr.12639,"Kabashima K, Nakashima C, Nonomura Y, Otsuka A, Cardamone C, Parente R, De Feo G, Triggiani M. Biomarkers for evaluation of mast cell and basophil activation. Immunol Rev. 2018 Mar;282(1):114-120.",PMID: 7682764,No DOI,"Galli SJ, Tsai M, Wershil BK. The c-kit receptor, stem cell factor, and mast cells. What each is teaching us about the others. Am J Pathol. 1993 Apr;142(4):965-74.",PMID: 11306952,DOI: 10.1159/000053694.,"de Paulis A, Annunziato F, Di Gioia L, Romagnani S, Carfora M, Beltrame C, Marone G, Romagnani P. Expression of the chemokine receptor CCR3 on human mast cells. Int Arch Allergy Immunol. 2001 Jan-Mar;124(1-3):146-50."
skin,skin of body,UBERON:0002097,Dermis,dermis,UBERON:0002067,,,,Dendritic cell (DC1),dermal dendritic cell,CL:0001006,,PMID: 25301671,DOI: 10.1016/j.jdermsci.2014.08.012,"Haniffa M, Gunawan M, Jardine L. Human skin dendritic cells in health and disease. J Dermatol Sci. 2015 Feb;77(2):85-92.",integrin subunit alpha E/CD103,ITGAE,HGNC:6147,integrin subunit alpha M/CD11b,ITGAM,HGNC:6149,,,,,,,,,,Dermis,dermis,UBERON:0002067,PMID: 20193025.,DOI: 10.1111/j.0105-2896.2009.00874.x,"del Rio ML, Bernhardt G, Rodriguez-Barbosa JI, F√∂rster R. Development and functional specialization of CD103+ dendritic cells. Immunol Rev. 2010 Mar;234(1):268-81.",PMID: 29158419.,DOI: 10.4049/jimmunol.1701056,"Yamazaki S, Odanaka M, Nishioka A, Kasuya S, Shime H, Hemmi H, Imai M, Riethmacher D, Kaisho T, Ohkura N, Sakaguchi S, Morita A. Ultraviolet B-Induced Maturation of CD11b-Type Langerin- Dendritic Cells Controls the Expansion of Foxp3+ Regulatory T Cells in the Skin. J Immunol. 2018 Jan 1;200(1):119-129.",,,
skin,skin of body,UBERON:0002097,Dermis,dermis,UBERON:0002067,,,,Dendritic cell (DC2),dermal dendritic cell,CL:0001006,,PMID: 25301671,DOI: 10.1016/j.jdermsci.2014.08.012,"Haniffa M, Gunawan M, Jardine L. Human skin dendritic cells in health and disease. J Dermatol Sci. 2015 Feb;77(2):85-92.",integrin subunit alpha E/CD103,ITGAE,HGNC:6147,integrin subunit alpha M/CD11b,ITGAM,HGNC:6149,,,,,,,,,,Dermis,dermis,UBERON:0002067,PMID: 20193025.,DOI: 10.1111/j.0105-2896.2009.00874.x,"del Rio ML, Bernhardt G, Rodriguez-Barbosa JI, F√∂rster R. Development and functional specialization of CD103+ dendritic cells. Immunol Rev. 2010 Mar;234(1):268-81.",PMID: 29158419.,DOI: 10.4049/jimmunol.1701056,"Yamazaki S, Odanaka M, Nishioka A, Kasuya S, Shime H, Hemmi H, Imai M, Riethmacher D, Kaisho T, Ohkura N, Sakaguchi S, Morita A. Ultraviolet B-Induced Maturation of CD11b-Type Langerin- Dendritic Cells Controls the Expansion of Foxp3+ Regulatory T Cells in the Skin. J Immunol. 2018 Jan 1;200(1):119-129.",,,
skin,skin of body,UBERON:0002097,Dermis,dermis,UBERON:0002067,,,,Dendritic cell (monocyte-derived),dermal dendritic cell,CL:0001006,,PMID: 25301671,DOI: 10.1016/j.jdermsci.2014.08.012,"Haniffa M, Gunawan M, Jardine L. Human skin dendritic cells in health and disease. J Dermatol Sci. 2015 Feb;77(2):85-92.",integrin subunit alpha E/CD103,ITGAE,HGNC:6147,integrin subunit alpha M/CD11b,ITGAM,HGNC:6149,,,,,,,,,,Dermis,dermis,UBERON:0002067,PMID: 20193025.,DOI: 10.1111/j.0105-2896.2009.00874.x,"del Rio ML, Bernhardt G, Rodriguez-Barbosa JI, F√∂rster R. Development and functional specialization of CD103+ dendritic cells. Immunol Rev. 2010 Mar;234(1):268-81.",PMID: 29158419.,DOI: 10.4049/jimmunol.1701056,"Yamazaki S, Odanaka M, Nishioka A, Kasuya S, Shime H, Hemmi H, Imai M, Riethmacher D, Kaisho T, Ohkura N, Sakaguchi S, Morita A. Ultraviolet B-Induced Maturation of CD11b-Type Langerin- Dendritic Cells Controls the Expansion of Foxp3+ Regulatory T Cells in the Skin. J Immunol. 2018 Jan 1;200(1):119-129.",,,
skin,skin of body,UBERON:0002097,Dermis,dermis,UBERON:0002067,,,,Dendritic cell (migratory),dermal dendritic cell,CL:0001006,,PMID: 25301671,DOI: 10.1016/j.jdermsci.2014.08.012,"Haniffa M, Gunawan M, Jardine L. Human skin dendritic cells in health and disease. J Dermatol Sci. 2015 Feb;77(2):85-92.",integrin subunit alpha E/CD103,ITGAE,HGNC:6147,integrin subunit alpha M/CD11b,ITGAM,HGNC:6149,,,,,,,,,,Dermis,dermis,UBERON:0002067,PMID: 20193025.,DOI: 10.1111/j.0105-2896.2009.00874.x,"del Rio ML, Bernhardt G, Rodriguez-Barbosa JI, F√∂rster R. Development and functional specialization of CD103+ dendritic cells. Immunol Rev. 2010 Mar;234(1):268-81.",PMID: 29158419.,DOI: 10.4049/jimmunol.1701056,"Yamazaki S, Odanaka M, Nishioka A, Kasuya S, Shime H, Hemmi H, Imai M, Riethmacher D, Kaisho T, Ohkura N, Sakaguchi S, Morita A. Ultraviolet B-Induced Maturation of CD11b-Type Langerin- Dendritic Cells Controls the Expansion of Foxp3+ Regulatory T Cells in the Skin. J Immunol. 2018 Jan 1;200(1):119-129.",,,
skin,skin of body,UBERON:0002097,Dermis,dermis,UBERON:0002067,,,,Macrophage,macrophage,CL:0000235,,PMID: 19763149,DOI: 10.1038/nri2622,"Nestle FO, Di Meglio P, Qin JZ, Nickoloff BJ. Skin immune sentinels in health and disease. Nat Rev Immunol. 2009 Oct;9(10):679-91.",CD68 molecule,CD68,HGNC:1693,CD163 molecule,CD163,HGNC:1631,,,,,,,,,,Dermis,dermis,UBERON:0002067,PMID: 15194571,DOI: 10.1136/ard.2003.013029,"Kunisch E, Fuhrmann R, Roth A, Winter R, Lungershausen W, Kinne RW. Macrophage specificity of three anti-CD68 monoclonal antibodies (KP1, EBM11, and PGM1) widely used for immunohistochemistry and flow cytometry. Ann Rheum Dis. 2004 Jul;63(7):774-84.",PMID: 26827741.,DOI: 10.1016/j.actatropica.2016.01.008,"de Sousa JR, de Sousa RP, Aar√£o TL, Dias LB Jr, Carneiro FR, Fuzii HT, Quaresma JA. In situ expression of M2 macrophage subpopulation in leprosy skin lesions. Acta Trop. 2016 May;157:108-14.",,,
skin,skin of body,UBERON:0002097,Dermis,dermis,UBERON:0002067,,,,T helper,T-helper 1 cell,CL:0000545,,PMID: 3494791,DOI: 10.1111/1523-1747.ep12470172,"Bos JD, Zonneveld I, Das PK, Krieg SR, van der Loos CM, Kapsenberg ML. The skin immune system (SIS): distribution and immunophenotype of lymphocyte subpopulations in normal human skin. J Invest Dermatol. 1987 May;88(5):569-73.",CD3d molecule,CD3D,HGNC:1673,CD4 molecule,CD4,HGNC:1678,,,,,,,,,,Dermis,dermis,UBERON:0002067,PMID: 3494791,DOI: 10.1111/1523-1747.ep12470172,"Bos JD, Zonneveld I, Das PK, Krieg SR, van der Loos CM, Kapsenberg ML. The skin immune system (SIS): distribution and immunophenotype of lymphocyte subpopulations in normal human skin. J Invest Dermatol. 1987 May;88(5):569-73.",PMID: 3494791,DOI: 10.1111/1523-1747.ep12470172,"Bos JD, Zonneveld I, Das PK, Krieg SR, van der Loos CM, Kapsenberg ML. The skin immune system (SIS): distribution and immunophenotype of lymphocyte subpopulations in normal human skin. J Invest Dermatol. 1987 May;88(5):569-73.",,,
skin,skin of body,UBERON:0002097,Dermis,dermis,UBERON:0002067,,,,T killer,cytotoxic T cell,CL:0000910,,PMID: 3494791,DOI: 10.1111/1523-1747.ep12470172,"Bos JD, Zonneveld I, Das PK, Krieg SR, van der Loos CM, Kapsenberg ML. The skin immune system (SIS): distribution and immunophenotype of lymphocyte subpopulations in normal human skin. J Invest Dermatol. 1987 May;88(5):569-73.",CD3d molecule,CD3D,HGNC:1673,CD8a molecule,CD8A,HGNC:1706,,,,,,,,,,Dermis,dermis,UBERON:0002067,PMID: 3494791,DOI: 10.1111/1523-1747.ep12470172,"Bos JD, Zonneveld I, Das PK, Krieg SR, van der Loos CM, Kapsenberg ML. The skin immune system (SIS): distribution and immunophenotype of lymphocyte subpopulations in normal human skin. J Invest Dermatol. 1987 May;88(5):569-73.",PMID: 3494791,DOI: 10.1111/1523-1747.ep12470172,"Bos JD, Zonneveld I, Das PK, Krieg SR, van der Loos CM, Kapsenberg ML. The skin immune system (SIS): distribution and immunophenotype of lymphocyte subpopulations in normal human skin. J Invest Dermatol. 1987 May;88(5):569-73.",,,
skin,skin of body,UBERON:0002097,Dermis,dermis,UBERON:0002067,,,,T reg,regulatory T cell,CL:0000815,,PMID: 3494791,DOI: 10.1111/1523-1747.ep12470172,"Bos JD, Zonneveld I, Das PK, Krieg SR, van der Loos CM, Kapsenberg ML. The skin immune system (SIS): distribution and immunophenotype of lymphocyte subpopulations in normal human skin. J Invest Dermatol. 1987 May;88(5):569-73.",CD3d molecule,CD3D,HGNC:1673,CD4 molecule,CD4,HGNC:1678,forkhead box P3,FOXP3,HGNC:6106,,,,,,,Dermis,dermis,UBERON:0002067,PMID: 28699278,DOI: 10.1111/imm.12791,"Ali N, Rosenblum MD. Regulatory T cells in skin. Immunology. 2017 Nov;152(3):372-381. DOI: 10.1111/imm.12791. Epub 2017 Aug 4.",PMID: 28699278,DOI: 10.1111/imm.12791,"Ali N, Rosenblum MD. Regulatory T cells in skin. Immunology. 2017 Nov;152(3):372-381. DOI: 10.1111/imm.12791. Epub 2017 Aug 4.",PMID: 28699278,DOI: 10.1111/imm.12791,"Ali N, Rosenblum MD. Regulatory T cells in skin. Immunology. 2017 Nov;152(3):372-381. DOI: 10.1111/imm.12791. Epub 2017 Aug 4."
skin,skin of body,UBERON:0002097,Dermis,dermis,UBERON:0002067,,,,Natural killer cell,natural killer cell,CL:0000623,,PMID: 20109737,DOI: 10.1016/j.jaci.2009.11.020,"von Bubnoff D, Andr√®s E, Hentges F, Bieber T, Michel T, Zimmer J. Natural killer cells in atopic and autoimmune diseases of the skin. J Allergy Clin Immunol. 2010 Jan;125(1):60-8.",CD3d molecule,CD3D,HGNC:1673,neural cell adhesion molecule 1/CD56,NCAM1,HGNC:7656,Fc fragment of IgG receptor IIIa/CD16,FCGR3A,HGNC:3619,,,,,,,Dermis,dermis,UBERON:0002067,PMID: 11698225.,DOI: 10.1016/s1471-4906(01)02060-9,"Cooper MA, Fehniger TA, Caligiuri MA. The biology of human natural killer-cell subsets. Trends Immunol. 2001 Nov;22(11):633-40.",PMID: 11698225.,DOI: 10.1016/s1471-4906(01)02060-9,"Cooper MA, Fehniger TA, Caligiuri MA. The biology of human natural killer-cell subsets. Trends Immunol. 2001 Nov;22(11):633-40.",PMID: 11698225.,DOI: 10.1016/s1471-4906(01)02060-9,"Cooper MA, Fehniger TA, Caligiuri MA. The biology of human natural killer-cell subsets. Trends Immunol. 2001 Nov;22(11):633-40."
skin,skin of body,UBERON:0002097,Dermis,dermis,UBERON:0002067,,,,Natural killer cell / Innate lymphoid cell 1,group 1 innate lymphoid cell,CL:0001067,,PMID: 25999512;,DOI: 10.1126/science.aaa6566,"Eberl G, Colonna M, Di Santo JP, McKenzie AN. Innate lymphoid cells. Innate lymphoid cells: a new paradigm in immunology. Science. 2015 May 22;348(6237):aaa6566.",CD3d molecule,CD3D,HGNC:1673,neural cell adhesion molecule 1/CD56,NCAM1,HGNC:7656,T-box transcription factor 21,TBX21,HGNC:11599,,,,,,,Dermis,dermis,UBERON:0002067,PMID: 25999512;,DOI: 10.1126/science.aaa6566,"Eberl G, Colonna M, Di Santo JP, McKenzie AN. Innate lymphoid cells. Innate lymphoid cells: a new paradigm in immunology. Science. 2015 May 22;348(6237):aaa6566.",PMID: 25999512;,DOI: 10.1126/science.aaa6566,"Eberl G, Colonna M, Di Santo JP, McKenzie AN. Innate lymphoid cells. Innate lymphoid cells: a new paradigm in immunology. Science. 2015 May 22;348(6237):aaa6566.",,,
skin,skin of body,UBERON:0002097,Dermis,dermis,UBERON:0002067,,,,Innate lymphoid cell 2,group 2 innate lymphoid cell,CL:0001069,,PMID: 23603794,DOI: 10.1038/ni.2584,"oediger B, Kyle R, Yip KH, Sumaria N, Guy TV, Kim BS, Mitchell AJ, Tay SS, Jain R, Forbes-Blom E, Chen X, Tong PL, Bolton HA, Artis D, Paul WE, Fazekas de St Groth B, Grimbaldeston MA, Le Gros G, Weninger W. Cutaneous immunosurveillance and regulation of inflammation by group 2 innate lymphoid cells. Nat Immunol. 2013 Jun;14(6):564-73.",CD3d molecule,CD3D,HGNC:1673,neural cell adhesion molecule 1/CD56,NCAM1,HGNC:7656,GATA binding protein 3,GATA3,HGNC:4172,,,,,,,Dermis,dermis,UBERON:0002067,PMID: 25999512;,DOI: 10.1126/science.aaa6566,"Eberl G, Colonna M, Di Santo JP, McKenzie AN. Innate lymphoid cells. Innate lymphoid cells: a new paradigm in immunology. Science. 2015 May 22;348(6237):aaa6566.",PMID: 25999512;,DOI: 10.1126/science.aaa6566,"Eberl G, Colonna M, Di Santo JP, McKenzie AN. Innate lymphoid cells. Innate lymphoid cells: a new paradigm in immunology. Science. 2015 May 22;348(6237):aaa6566.",,,
skin,skin of body,UBERON:0002097,Dermis,dermis,UBERON:0002067,,,,Innate lymphoid cell 3,group 3 innate lymphoid cell,CL:0001071,,PMID: 27099134,DOI: 10.1038/ncomms11394,"Li Z, Hodgkinson T, Gothard EJ, Boroumand S, Lamb R, Cummins I, Narang P, Sawtell A, Coles J, Leonov G, Reboldi A, Buckley CD, Cupedo T, Siebel C, Bayat A, Coles MC, Ambler CA. Epidermal Notch1 recruits ROR?(+) group 3 innate lymphoid cells to orchestrate normal skin repair. Nat Commun. 2016 Apr 21;7:11394.",CD3d molecule,CD3D,HGNC:1673,neural cell adhesion molecule 1/CD56,NCAM1,HGNC:7656,RAR related orphan receptor C,RORC,HGNC:10260,,,,,,,Dermis,dermis,UBERON:0002067,PMID: 25999512;,DOI: 10.1126/science.aaa6566,"Eberl G, Colonna M, Di Santo JP, McKenzie AN. Innate lymphoid cells. Innate lymphoid cells: a new paradigm in immunology. Science. 2015 May 22;348(6237):aaa6566.",PMID: 25999512;,DOI: 10.1126/science.aaa6566,"Eberl G, Colonna M, Di Santo JP, McKenzie AN. Innate lymphoid cells. Innate lymphoid cells: a new paradigm in immunology. Science. 2015 May 22;348(6237):aaa6566.",PMID: 27099134,DOI: 10.1038/ncomms11394,"Li Z, Hodgkinson T, Gothard EJ, Boroumand S, Lamb R, Cummins I, Narang P, Sawtell A, Coles J, Leonov G, Reboldi A, Buckley CD, Cupedo T, Siebel C, Bayat A, Coles MC, Ambler CA. Epidermal Notch1 recruits ROR?(+) group 3 innate lymphoid cells to orchestrate normal skin repair. Nat Commun. 2016 Apr 21;7:11394."
skin,skin of body,UBERON:0002097,Dermis,dermis,UBERON:0002067,,,,B cell,B cell,CL:0000236,,PMID: 30833422,DOI: 10.4049/jimmunol.1801211,"Debes GF, McGettigan SE. Skin-Associated B Cells in Health and Inflammation. J Immunol. 2019 Mar 15;202(6):1659-1666.",CD19 molecule,CD19,HGNC:1633,membrane spanning 4-domains A1,MS4A1,HGNC:7315,CD79a molecule,CD79A,HGNC:1698,,,,,,,Dermis,dermis,UBERON:0002067,,,,,,,,,
skin,skin of body,UBERON:0002097,Dermis,dermis,UBERON:0002067,,,,Plasma cell,plasma cell,CL:0000786,,PMID: 31152755,DOI: 10.1016/j.jid.2019.05.009,"Wilson RP, McGettigan SE, Dang VD, Kumar A, Cancro MP, Nikbakht N, Stohl W, Debes GF. IgM Plasma Cells Reside in Healthy Skin and Accumulate with Chronic Inflammation. J Invest Dermatol. 2019 Dec;139(12):2477-2487.",CD38 molecule,CD38,HGNC:1667,syndecan 1,SDC1,HGNC:10658,CD79a molecule,CD79A,HGNC:1698,,,,,,,Dermis,dermis,UBERON:0002067,,,,,,,,,
skin,skin of body,UBERON:0002097,Dermis,dermis,UBERON:0002067,,,,Neutrophil,neutrophil,CL:0000775,,PMID: 31205028,DOI: 10.1172/JCI124616,"Peiseler M, Kubes P. More friend than foe: the emerging role of neutrophils in tissue repair. J Clin Invest. 2019 Jun 17;129(7):2629-2639",myeloperoxidase,MPO,HGNC:7218,sialophorin/p43,SPN,HGNC:11249,,,,,,,,,,Dermis,dermis,UBERON:0002067,PMID: 6276474.,DOI: 10.1111/1523-1747.ep12506462,"Bradley PP, Priebat DA, Christensen RD, Rothstein G. Measurement of cutaneous inflammation: estimation of neutrophil content with an enzyme marker. J Invest Dermatol. 1982 Mar;78(3):206-9.",PMID: 18714037,DOI: 10.4049/jimmunol.181.5.3628,"Matsumoto M, Shigeta A, Miyasaka M, Hirata T. CD43 plays both antiadhesive and proadhesive roles in neutrophil rolling in a context-dependent manner. J Immunol. 2008 Sep 1;181(5):3628-35.",,,
skin,skin of body,UBERON:0002097,Dermis,dermis,UBERON:0002067,,,,Eosinophil,eosinophil,CL:0000771,,PMID: 29902530.,DOI: 10.1016/j.jaip.2018.06.002,"Leiferman KM, Peters MS. Eosinophil-Related Disease and the Skin. J Allergy Clin Immunol Pract. 2018 Sep-Oct;6(5):1462-1482.e6.",CD9 molecule,CD9,HGNC:1709,myeloperoxidase,MPO,HGNC:7218,,,,,,,,,,Dermis,dermis,UBERON:0002067,,,,,,,,,
skin,skin of body,UBERON:0002097,Dermis,dermis,UBERON:0002067,nerve,skin nerve field,UBERON:0007121,Neuron,Neuron,CL:0000540,,PMID: 25799052,DOI: 10.14670/HH-11-610,"Laverdet B, Danigo A, Girard D, Magy L, Demiot C, Desmouli√®re A. Skin innervation: important roles during normal and pathological cutaneous repair. Histol Histopathol. 2015 Aug;30(8):875-92.",neurofilament heavy pseudogene 1,NEFHP1,HGNC:7738,ubiquitin C-terminal hydrolase L1,UCHL1,HGNC:12513,CRCP,CGRP receptor component,HGNC:17888,,,,,,,Dermis,dermis,UBERON:0002067,PMID: 26109717,DOI: 10.1212/WNL.0000000000001773,"Pisciotta C, Bai Y, Brennan KM, Wu X, Grider T, Feely S, Wang S, Moore S, Siskind C, Gonzalez M, Zuchner S, Shy ME. Reduced neurofilament expression in cutaneous nerve fibers of patients with CMT2E. Neurology. 2015 Jul 21;85(3):228-34.",PMID: 19879917,DOI: 10.1016/j.pneurobio.2009.10.020,"Day IN, Thompson RJ. UCHL1 (PGP 9.5): neuronal biomarker and ubiquitin system protein. Prog Neurobiol. 2010 Mar;90(3):327-62.",PMID: 9381913.,DOI: 10.1016/S0065-1281(97)80024-4,"Schulze E, Witt M, Fink T, Hofer A, Funk RH. Immunohistochemical detection of human skin nerve fibers. Acta Histochem. 1997 Aug;99(3):301-9."
skin,skin of body,UBERON:0002097,Dermis,dermis,UBERON:0002067,,,,Schwann cell,Schwann cell,CL:0002573,,PMID: 30098299,DOI: 10.1111/wrr.12647,"Silva WN, Leonel C, Prazeres PHDM, Sena IFG, Guerra DAP, Heller D, Diniz IMA, Fortuna V, Mintz A, Birbrair A. Role of Schwann cells in cutaneous wound healing. Wound Repair Regen. 2018 Sep;26(5):392-397.",S100 calcium binding protein A2,S100A2,HGNC:10492,nerve growth factor receptor,NGFR,HGNC:7809,,,,,,,,,,Dermis,dermis,UBERON:0002067,PMID: 6373634.,DOI: 10.1111/j.1365-4362.1984.tb05661.x,"Kahn HJ, Baumal R, Marks A. The value of immunohistochemical studies using antibody to S100 protein in dermatopathology. Int J Dermatol. 1984 Jan-Feb;23(1):38-44.",PMID: 17898011.,DOI: 10.1093/brain/awm199,"Ebenezer GJ, McArthur JC, Thomas D, Murinson B, Hauer P, Polydefkis M, Griffin JW. Denervation of skin in neuropathies: the sequence of axonal and Schwann cell changes in skin biopsies. Brain. 2007 Oct;130(Pt 10):2703-14.",PMID: 9381913.,DOI: 10.1016/S0065-1281(97)80024-4,"Schulze E, Witt M, Fink T, Hofer A, Funk RH. Immunohistochemical detection of human skin nerve fibers. Acta Histochem. 1997 Aug;99(3):301-9."
skin,skin of body,UBERON:0002097,Dermis,dermis,UBERON:0002067,,,,perineurial cells,,,Add to CL,PMID: 3434224.,DOI: 10.1007/BF00687077,"erentes E, Nakagawa Y, Ross GW, Stanton C, Rubinstein LJ. Expression of epithelial membrane antigen in perineurial cells and their derivatives. An immunohistochemical study with multiple markers. Acta Neuropathol. 1987;75(2):160-5.",Epidermal membrane Antigen,MUC1,HGNC:7508,CD34 molecule,CD34,HGNC:1662,,,,,,,,,,Dermis,dermis,UBERON:0002067,PMID: 3434224.,DOI: 10.1007/BF00687077,"erentes E, Nakagawa Y, Ross GW, Stanton C, Rubinstein LJ. Expression of epithelial membrane antigen in perineurial cells and their derivatives. An immunohistochemical study with multiple markers. Acta Neuropathol. 1987;75(2):160-5.",PMID: 12692193.,DOI: 10.1097/01.MP.0000062654.83617.B7,"Hirose T, Tani T, Shimada T, Ishizawa K, Shimada S, Sano T. Immunohistochemical demonstration of EMA/Glut1-positive perineurial cells and CD34-positive fibroblastic cells in peripheral nerve sheath tumors. Mod Pathol. 2003 Apr;16(4):293-8.",,,
skin,skin of body,UBERON:0002097,Dermis,dermis,UBERON:0002067,Blood vessels,vasculature of integument,UBERON:0035549,Endothelial cell,endothelial cell,CL:0000115,,PMID: 778283,DOI: 10.1111/1523-1747.ep12512516,Ryan TJ. The blood vessels of the skin. J Invest Dermatol. 1976 Jul;67(1):110-8.,platelet and endothelial cell adhesion molecule 1,PECAM,HGNC:8823,ETS transcription factor ERG,ERG,HGNC:3446,,,,,,,,,,Dermis,dermis,UBERON:0002067,PMID: 11940533.,DOI: 10.1152/ajpcell.00524.2001,"Cao G, O'Brien CD, Zhou Z, Sanders SM, Greenbaum JN, Makrigiannakis A, DeLisser HM. Involvement of human PECAM-1 in angiogenesis and in vitro endothelial cell migration. Am J Physiol Cell Physiol. 2002 May;282(5):C1181-90.",PMID: 27208692,DOI: 10.1016/j.vph.2016.05.003,"Shah AV, Birdsey GM, Randi AM. Regulation of endothelial homeostasis, vascular development and angiogenesis by the transcription factor ERG. Vascul Pharmacol. 2016 Nov;86:3-13.",,,
skin,skin of body,UBERON:0002097,Dermis,dermis,UBERON:0002067,,,,Perivascular smooth muscle cell,smooth muscle cell,CL:0000359,,PMID: 23554249,DOI: 10.1002/biot.201200199,"Wanjare M, Kusuma S, Gerecht S. Perivascular cells in blood vessel regeneration. Biotechnol J. 2013 Apr;8(4):434-47.","actin alpha 2, smooth muscle",ACTA2,HGNC:130,calponin 1,CNN1,HGNC:2155,caldesmon 1,CALD1,HGNC:1441,,,,,,,Dermis,dermis,UBERON:0002067,PMID: 2007619,DOI: 10.1083/jcb.113.1.147,"Nehls V, Drenckhahn D. Heterogeneity of microvascular pericytes for smooth muscle type alpha-actin. J Cell Biol. 1991 Apr;113(1):147-54.",PMID: 8006064.,No DOI,"North AJ, Gimona M, Cross RA, Small JV. Calponin is localised in both the contractile apparatus and the cytoskeleton of smooth muscle cells. J Cell Sci. 1994 Mar;107 ( Pt 3):437-44.",,,
skin,skin of body,UBERON:0002097,Dermis,dermis,UBERON:0002067,,,,Glomus cell,type I cell of carotid body,CL:0002292,,PMID: 26437605.,DOI: 10.1016/j.cmet.2015.09.004,"Fern√°ndez-Ag√ºera MC, Gao L, Gonz√°lez-Rodr√≠guez P, Pintado CO, Arias-Mayenco I, Garc√≠a-Flores P, Garc√≠a-Perga√±eda A, Pascual A, Ortega-S√°enz P, L√≥pez-Barneo J. Oxygen Sensing by Arterial Chemoreceptors Depends on Mitochondrial Complex I Signaling. Cell Metab. 2015 Nov 3;22(5):825-37.","actin alpha 2, smooth muscle",ACTA2,HGNC:130,dopamine receptor D2,DRD2,HGNC:3023,,,,,,,,,,Dermis,dermis,UBERON:0002067,PMID: 2158236,No DOI,"Sch√ºrch W, Skalli O, Lagac√© R, Seemayer TA, Gabbiani G. Intermediate filament proteins and actin isoforms as markers for soft-tissue tumor differentiation and origin. III. Hemangiopericytomas and glomus tumors. Am J Pathol. 1990 Apr;136(4):771-86.",PMID: 26272445,DOI: 10.1016/j.acthis.2015.07.007,"Wakai J, Takayama A, Yokoyama T, Nakamuta N, Kusakabe T, Yamamoto Y. Immunohistochemical localization of dopamine D2 receptor in the rat carotid body. Acta Histochem. 2015 Oct;117(8):784-9.",,,
skin,skin of body,UBERON:0002097,Dermis,dermis,UBERON:0002067,,,,Pericyte,pericyte cell,CL:0000669,,PMID: 295192458,DOI: 10.1186/s12929-018-0423-7,"Harrell CR, Simovic Markovic B, Fellabaum C, Arsenijevic A, Djonov V, Volarevic V. Molecular mechanisms underlying therapeutic potential of pericytes. J Biomed Sci. 2018 Mar 9;25(1):21.","actin alpha 2, smooth muscle",ACTA2,HGNC:130,melanoma cell adhesion molecule/CD146,MCAM,HGNC:6934,platelet derived growth factor receptor beta,PDGFRB,HGNC:8804,,,,,,,Dermis,dermis,UBERON:0002067,PMID: 2007619,DOI: 10.1083/jcb.113.1.147,"Nehls V, Drenckhahn D. Heterogeneity of microvascular pericytes for smooth muscle type alpha-actin. J Cell Biol. 1991 Apr;113(1):147-54.",PMID: 29885791,DOI: 10.1016/j.jchemneu.2018.06.001,"Smyth LCD, Rustenhoven J, Scotter EL, Schweder P, Faull RLM, Park TIH, Dragunow M. Markers for human brain pericytes and smooth muscle cells. J Chem Neuroanat. 2018 Oct;92:48-60.",,,
skin,skin of body,UBERON:0002097,Dermis,dermis,UBERON:0002067,,,,Pericyte,pericyte cell,CL:0000669,,PMID: 295192458,DOI: 10.1186/s12929-018-0423-7,"Harrell CR, Simovic Markovic B, Fellabaum C, Arsenijevic A, Djonov V, Volarevic V. Molecular mechanisms underlying therapeutic potential of pericytes. J Biomed Sci. 2018 Mar 9;25(1):21.","actin alpha 2, smooth muscle",ACTA2,HGNC:130,melanoma cell adhesion molecule/CD146,MCAM,HGNC:6934,platelet derived growth factor receptor beta,PDGFRB,HGNC:8804,,,,,,,Dermis,dermis,UBERON:0002067,PMID: 2007619,DOI: 10.1083/jcb.113.1.147,"Nehls V, Drenckhahn D. Heterogeneity of microvascular pericytes for smooth muscle type alpha-actin. J Cell Biol. 1991 Apr;113(1):147-54.",PMID: 29885791,DOI: 10.1016/j.jchemneu.2018.06.001,"Smyth LCD, Rustenhoven J, Scotter EL, Schweder P, Faull RLM, Park TIH, Dragunow M. Markers for human brain pericytes and smooth muscle cells. J Chem Neuroanat. 2018 Oct;92:48-60.",,,
skin,skin of body,UBERON:0002097,Dermis,dermis,UBERON:0002067,,,,Lymphatic,endothelial cell of lymphatic vessel,CL:0002138,,PMID: 11147669.,DOI: 10.1046/j.1087-0024.2000.00001.x,"Skobe M, Detmar M. Structure, function, and molecular control of the skin lymphatic system. J Investig Dermatol Symp Proc. 2000 Dec;5(1):14-9.",podoplanin,PDPN,HGNC:29602,lymphatic vessel endothelial hyaluronan receptor 1,LYVE1,HGNC:14687,,,,,,,,,,Dermis,dermis,UBERON:0002067,PMID: 22988448,DOI: 10.3389/fimmu.2012.00283,"Astarita JL, Acton SE, Turley SJ. Podoplanin: emerging functions in development, the immune system, and cancer. Front Immunol. 2012 Sep 12;3:283.",PMID: 24352044,DOI: 10.1038/jid.2013.481,"Wang XN, McGovern N, Gunawan M, Richardson C, Windebank M, Siah TW, Lim HY, Fink K, Li JL, Ng LG, Ginhoux F. A three-dimensional atlas of human dermal leukocytes, lymphatics, and blood vessels. Journal of Investigative Dermatology. 2014 Apr 1;134(4):965-74.",,,
skin,skin of body,UBERON:0002097,Subcutaneous,hypodermis,UBERON:0002072,,,,Lymphatic,endothelial cell of lymphatic vessel,CL:0002138,,PMID: 11147669.,DOI: 10.1046/j.1087-0024.2000.00001.x,"Skobe M, Detmar M. Structure, function, and molecular control of the skin lymphatic system. J Investig Dermatol Symp Proc. 2000 Dec;5(1):14-9.",podoplanin,PDPN,HGNC:29602,lymphatic vessel endothelial hyaluronan receptor 1,LYVE1,HGNC:14687,,,,,,,,,,,,,PMID: 22988448,DOI: 10.3389/fimmu.2012.00283,"Astarita JL, Acton SE, Turley SJ. Podoplanin: emerging functions in development, the immune system, and cancer. Front Immunol. 2012 Sep 12;3:283.",PMID: 24352044,DOI: 10.1038/jid.2013.481,"Wang XN, McGovern N, Gunawan M, Richardson C, Windebank M, Siah TW, Lim HY, Fink K, Li JL, Ng LG, Ginhoux F. A three-dimensional atlas of human dermal leukocytes, lymphatics, and blood vessels. Journal of Investigative Dermatology. 2014 Apr 1;134(4):965-74.",,,
skin,skin of body,UBERON:0002097,Subcutaneous,hypodermis,UBERON:0002072,,,,Adipocyte,subcutaneous fat cell,CL:0002521,,PMID: 24591537,DOI: 10.1101/cshperspect.a015271,"Rivera-Gonzalez G, Shook B, Horsley V. Adipocytes in skin health and disease. Cold Spring Harb Perspect Med. 2014 Mar 1;4(3):a015271.",S100 calcium binding protein B,S100B,HGNC:10500,calbindin 2/calretinin,CALB2,HGNC:1435,,,,,,,,,,,,,PMID: 20672003,DOI: 10.1155/2010/790431,"Gon√ßalves CA, Leite MC, Guerra MC. Adipocytes as an Important Source of Serum S100B and Possible Roles of This Protein in Adipose Tissue. Cardiovasc Psychiatry Neurol. 2010;2010:790431.",PMID: 16613326,DOI: 10.1016/j.humpath.2005.11.006,"Cates JM, Coffing BN, Harris BT, Black CC. Calretinin expression in tumors of adipose tissue. Hum Pathol. 2006 Mar;37(3):312-21.",,,
skin,skin of body,UBERON:0002097,Subcutaneous,hypodermis,UBERON:0002072,,,,Fibroblast,skin fibroblast,CL:0002620,,PMID: 25455110.,DOI: 10.1016/j.tcb.2014.10.001,"Driskell RR, Watt FM. Understanding fibroblast heterogeneity in the skin. Trends Cell Biol. 2015 Feb;25(2):92-9.",Factor XIIIa,F3,HGNC:3541,vimentin,VIM,HGNC:12692,CD34 molecule,CD34,HGNC:1662,,,,,,,,,,PMID: 2576222,DOI: 10.1111/j.1365-2133.1989.tb15509.x,"Cerio R, Griffiths CE, Cooper KD, Nickoloff BJ, Headington JT. Characterization of factor XIIIa positive dermal dendritic cells in normal and inflamed skin. Br J Dermatol. 1989 Oct;121(4):421-31.",PMID: 17567584,DOI: 10.1074/jbc.M701586200,"Kueper T, Grune T, Prahl S, Lenz H, Welge V, Biernoth T, Vogt Y, Muhr GM, Gaemlich A, Jung T, Boemke G, Els√§sser HP, Wittern KP, Wenck H, St√§b F, Blatt T. Vimentin is the specific target in skin glycation. Structural prerequisites, functional consequences, and role in skin aging. J Biol Chem. 2007 Aug 10;282(32):23427-36. d",PMID: 8806963,DOI: 10.1097/00000372-199606000-00008,"Narvaez D, Kanitakis J, Faure M, Claudy A. Immunohistochemical study of CD34-positive dendritic cells of human dermis. Am J Dermatopathol. 1996 Jun;18(3):283-8. DOI: 10.1097/00000372-199606000-00008. PMID: 8806963."
skin,skin of body,UBERON:0002097,Subcutaneous,hypodermis,UBERON:0002072,,,,Macrophage,macrophage,CL:0000235,,PMID: 19763149,DOI: 10.1038/nri2622,"Nestle FO, Di Meglio P, Qin JZ, Nickoloff BJ. Skin immune sentinels in health and disease. Nat Rev Immunol. 2009 Oct;9(10):679-91.",CD68 molecule,CD68,HGNC:1693,CD163 molecule,CD163,HGNC:1631,,,,,,,,,,,,,PMID: 27869795,DOI: 10.1038/labinvest.2016.116,"Chistiakov, D., Killingsworth, M., Myasoedova, V. et al. CD68/macrosialin: not just a histochemical marker. Lab Invest 97, 4¬ñ13 (2017).",PMID: 20555352,DOI: 10.1038/jid.2010.165,"Fuentes-Duculan J, Su√°rez-Fari√±as M, Zaba LC, Nograles KE, Pierson KC, Mitsui H, Pensabene CA, Kzhyshkowska J, Krueger JG, Lowes MA. A subpopulation of CD163-positive macrophages is classically activated in psoriasis. J Invest Dermatol. 2010 Oct;130(10):2412-22.",,,
skin,skin of body,UBERON:0002097,Subcutaneous,hypodermis,UBERON:0002072,,,,Mast cell,mast cell,CL:0000097,,PMID: 10582733.,DOI: 10.1016/S1081-1206(10)62853-0,"Church MK, Clough GF. Human skin mast cells: in vitro and in vivo studies. Ann Allergy Asthma Immunol. 1999 Nov;83(5):471-5.",CD203c,ENPP3,HGNC:3358,"KIT proto-oncogene, receptor tyrosine kinase",KIT,HGNC:6342,C-C motif chemokine receptor 3,CCR3,HGNC:1604,,,,,,,,,,PMID: 29431209.,DOI: 10.1111/imr.12639.,"Kabashima K, Nakashima C, Nonomura Y, Otsuka A, Cardamone C, Parente R, De Feo G, Triggiani M. Biomarkers for evaluation of mast cell and basophil activation. Immunol Rev. 2018 Mar;282(1):114-120.",PMID: 7682764,,"Galli SJ, Tsai M, Wershil BK. The c-kit receptor, stem cell factor, and mast cells. What each is teaching us about the others. Am J Pathol. 1993 Apr;142(4):965-74.",PMID: 11306952,DOI: 10.1159/000053694,"de Paulis A, Annunziato F, Di Gioia L, Romagnani S, Carfora M, Beltrame C, Marone G, Romagnani P. Expression of the chemokine receptor CCR3 on human mast cells. Int Arch Allergy Immunol. 2001 Jan-Mar;124(1-3):146-50."
skin,skin of body,UBERON:0002097,Subcutaneous,hypodermis,UBERON:0002072,,,,T helper,T-helper 1 cell,CL:0000545,,PMID: 3494791,DOI: 10.1111/1523-1747.ep12470172,"Bos JD, Zonneveld I, Das PK, Krieg SR, van der Loos CM, Kapsenberg ML. The skin immune system (SIS): distribution and immunophenotype of lymphocyte subpopulations in normal human skin. J Invest Dermatol. 1987 May;88(5):569-73.",CD3d molecule,CD3D,HGNC:1673,CD4 molecule,CD4,HGNC:1678,,,,,,,,,,,,,PMID: 3494791,DOI: 10.1111/1523-1747.ep12470172,"Bos JD, Zonneveld I, Das PK, Krieg SR, van der Loos CM, Kapsenberg ML. The skin immune system (SIS): distribution and immunophenotype of lymphocyte subpopulations in normal human skin. J Invest Dermatol. 1987 May;88(5):569-73.",PMID: 3494791,DOI: 10.1111/1523-1747.ep12470172,"Bos JD, Zonneveld I, Das PK, Krieg SR, van der Loos CM, Kapsenberg ML. The skin immune system (SIS): distribution and immunophenotype of lymphocyte subpopulations in normal human skin. J Invest Dermatol. 1987 May;88(5):569-73.",,,
skin,skin of body,UBERON:0002097,Subcutaneous,hypodermis,UBERON:0002072,,,,T killer,cytotoxic T cell,CL:0000910,,PMID: 3494791,DOI: 10.1111/1523-1747.ep12470172,"Bos JD, Zonneveld I, Das PK, Krieg SR, van der Loos CM, Kapsenberg ML. The skin immune system (SIS): distribution and immunophenotype of lymphocyte subpopulations in normal human skin. J Invest Dermatol. 1987 May;88(5):569-73.",CD3d molecule,CD3D,HGNC:1673,CD8a molecule,CD8A,HGNC:1706,,,,,,,,,,,,,PMID: 3494791,DOI: 10.1111/1523-1747.ep12470172,"Bos JD, Zonneveld I, Das PK, Krieg SR, van der Loos CM, Kapsenberg ML. The skin immune system (SIS): distribution and immunophenotype of lymphocyte subpopulations in normal human skin. J Invest Dermatol. 1987 May;88(5):569-73.",PMID: 3494791,DOI: 10.1111/1523-1747.ep12470172,"Bos JD, Zonneveld I, Das PK, Krieg SR, van der Loos CM, Kapsenberg ML. The skin immune system (SIS): distribution and immunophenotype of lymphocyte subpopulations in normal human skin. J Invest Dermatol. 1987 May;88(5):569-73.",,,
skin,skin of body,UBERON:0002097,Subcutaneous,hypodermis,UBERON:0002072,,,,T reg,regulatory T cell,CL:0000815,,PMID: 3494791,DOI: 10.1111/1523-1747.ep12470172,"Bos JD, Zonneveld I, Das PK, Krieg SR, van der Loos CM, Kapsenberg ML. The skin immune system (SIS): distribution and immunophenotype of lymphocyte subpopulations in normal human skin. J Invest Dermatol. 1987 May;88(5):569-73.",CD3d molecule,CD3D,HGNC:1673,CD4 molecule,CD4,HGNC:1678,forkhead box P3,FOXP3,HGNC:6106,,,,,,,,,,PMID: 28699278,DOI: 10.1111/imm.12791,"Ali N, Rosenblum MD. Regulatory T cells in skin. Immunology. 2017 Nov;152(3):372-381. DOI: 10.1111/imm.12791. Epub 2017 Aug 4.",PMID: 28699278,DOI: 10.1111/imm.12791,"Ali N, Rosenblum MD. Regulatory T cells in skin. Immunology. 2017 Nov;152(3):372-381. DOI: 10.1111/imm.12791. Epub 2017 Aug 4.",PMID: 28699278,DOI: 10.1111/imm.12791,"Ali N, Rosenblum MD. Regulatory T cells in skin. Immunology. 2017 Nov;152(3):372-381. DOI: 10.1111/imm.12791. Epub 2017 Aug 4."
skin,skin of body,UBERON:0002097,Subcutaneous,hypodermis,UBERON:0002072,,,,B cell,B cell,CL:0000236,,PMID: 30833422,DOI: 10.4049/jimmunol.1801211,"Debes GF, McGettigan SE. Skin-Associated B Cells in Health and Inflammation. J Immunol. 2019 Mar 15;202(6):1659-1666.",CD19 molecule,CD19,HGNC:1633,membrane spanning 4-domains A1,MS4A1,HGNC:7315,CD79a molecule,CD79A,HGNC:1698,,,,,,,,,,PMID: 30833422,DOI: 10.4049/jimmunol.1801211,"Debes GF, McGettigan SE. Skin-Associated B Cells in Health and Inflammation. J Immunol. 2019 Mar 15;202(6):1659-1666.",PMID: 30833422,DOI: 10.4049/jimmunol.1801211,"Debes GF, McGettigan SE. Skin-Associated B Cells in Health and Inflammation. J Immunol. 2019 Mar 15;202(6):1659-1666.",,,
skin,skin of body,UBERON:0002097,Subcutaneous,hypodermis,UBERON:0002072,,,,Neutrophil,neutrophil,CL:0000775,,PMID: 31205028,DOI: 10.1172/JCI124616,"Peiseler M, Kubes P. More friend than foe: the emerging role of neutrophils in tissue repair. J Clin Invest. 2019 Jun 17;129(7):2629-2639",myeloperoxidase,MPO,HGNC:7218,sialophorin/p43,SPN,HGNC:11249,,,,,,,,,,,,,PMID: 6276474.,DOI: 10.1111/1523-1747.ep12506462,"Bradley PP, Priebat DA, Christensen RD, Rothstein G. Measurement of cutaneous inflammation: estimation of neutrophil content with an enzyme marker. J Invest Dermatol. 1982 Mar;78(3):206-9.",PMID: 18714037,DOI: 10.4049/jimmunol.181.5.3628,"Matsumoto M, Shigeta A, Miyasaka M, Hirata T. CD43 plays both antiadhesive and proadhesive roles in neutrophil rolling in a context-dependent manner. J Immunol. 2008 Sep 1;181(5):3628-35.",,,
skin,skin of body,UBERON:0002097,Subcutaneous,hypodermis,UBERON:0002072,,,,Eosinophil,eosinophil,CL:0000771,,PMID: 29902530.,DOI: 10.1016/j.jaip.2018.06.002,"Leiferman KM, Peters MS. Eosinophil-Related Disease and the Skin. J Allergy Clin Immunol Pract. 2018 Sep-Oct;6(5):1462-1482.e6.",CD9 molecule,CD9,HGNC:1709,myeloperoxidase,MPO,HGNC:7218,,,,,,,,,,,,,,,,,,,,,
skin,skin of body,UBERON:0002097,Subcutaneous,hypodermis,UBERON:0002072,nerve,skin nerve field,UBERON:0007121,Neuron,Neuron,CL:0000540,,PMID: 25799052,DOI: 10.14670/HH-11-610,"Laverdet B, Danigo A, Girard D, Magy L, Demiot C, Desmouli√®re A. Skin innervation: important roles during normal and pathological cutaneous repair. Histol Histopathol. 2015 Aug;30(8):875-92.",neurofilament heavy pseudogene 1,NEFHP1,HGNC:7738,ubiquitin C-terminal hydrolase L1,UCHL1,HGNC:12513,CRCP,CGRP receptor component,HGNC:17888,,,,,,,1,,,PMID: 26109717,DOI: 10.1212/WNL.0000000000001773,"Pisciotta C, Bai Y, Brennan KM, Wu X, Grider T, Feely S, Wang S, Moore S, Siskind C, Gonzalez M, Zuchner S, Shy ME. Reduced neurofilament expression in cutaneous nerve fibers of patients with CMT2E. Neurology. 2015 Jul 21;85(3):228-34.",PMID: 19879917,DOI: 10.1016/j.pneurobio.2009.10.020,"Day IN, Thompson RJ. UCHL1 (PGP 9.5): neuronal biomarker and ubiquitin system protein. Prog Neurobiol. 2010 Mar;90(3):327-62.",PMID: 9381913.,DOI: 10.1016/S0065-1281(97)80024-4,"Schulze E, Witt M, Fink T, Hofer A, Funk RH. Immunohistochemical detection of human skin nerve fibers. Acta Histochem. 1997 Aug;99(3):301-9."
skin,skin of body,UBERON:0002097,Subcutaneous,hypodermis,UBERON:0002072,,,,Schwann cell,Schwann cell,CL:0002573,,PMID: 30098299,DOI: 10.1111/wrr.12647,"Silva WN, Leonel C, Prazeres PHDM, Sena IFG, Guerra DAP, Heller D, Diniz IMA, Fortuna V, Mintz A, Birbrair A. Role of Schwann cells in cutaneous wound healing. Wound Repair Regen. 2018 Sep;26(5):392-397.",S100 calcium binding protein A2,S100A2,HGNC:10492,nerve growth factor receptor,NGFR,HGNC:7809,,,,,,,,,,,,,PMID: 6373634.,DOI: 10.1111/j.1365-4362.1984.tb05661.x,"Kahn HJ, Baumal R, Marks A. The value of immunohistochemical studies using antibody to S100 protein in dermatopathology. Int J Dermatol. 1984 Jan-Feb;23(1):38-44.",PMID: 17898011.,DOI: 10.1093/brain/awm199,"Ebenezer GJ, McArthur JC, Thomas D, Murinson B, Hauer P, Polydefkis M, Griffin JW. Denervation of skin in neuropathies: the sequence of axonal and Schwann cell changes in skin biopsies. Brain. 2007 Oct;130(Pt 10):2703-14.",,,
skin,skin of body,UBERON:0002097,Subcutaneous,hypodermis,UBERON:0002072,,,,Perineural cell,,,Add to CL,PMID: 3434224.,DOI: 10.1007/BF00687077,"Perentes E, Nakagawa Y, Ross GW, Stanton C, Rubinstein LJ. Expression of epithelial membrane antigen in perineurial cells and their derivatives. An immunohistochemical study with multiple markers. Acta Neuropathol. 1987;75(2):160-5.",Epidermal membrane Antigen,MUC1,HGNC:7508,CD34 molecule,CD34,HGNC:1662,,,,,,,,,,,,,PMID: 3434224.,DOI: 10.1007/BF00687077,"erentes E, Nakagawa Y, Ross GW, Stanton C, Rubinstein LJ. Expression of epithelial membrane antigen in perineurial cells and their derivatives. An immunohistochemical study with multiple markers. Acta Neuropathol. 1987;75(2):160-5.",PMID: 12692193.,DOI: 10.1097/01.MP.0000062654.83617.B7,"Hirose T, Tani T, Shimada T, Ishizawa K, Shimada S, Sano T. Immunohistochemical demonstration of EMA/Glut1-positive perineurial cells and CD34-positive fibroblastic cells in peripheral nerve sheath tumors. Mod Pathol. 2003 Apr;16(4):293-8.",,,
skin,skin of body,UBERON:0002097,Subcutaneous,hypodermis,UBERON:0002072,Blood vessels,vasculature of integument,UBERON:0035549,Endothelial cell,endothelial cell,CL:0000115,,PMID: 778283,DOI: 10.1111/1523-1747.ep12512516,Ryan TJ. The blood vessels of the skin. J Invest Dermatol. 1976 Jul;67(1):110-8.,platelet and endothelial cell adhesion molecule 1,PECAM,HGNC:8823,ETS transcription factor ERG,ERG,HGNC:3446,,,,,,,,,,1,,,PMID: 11940533.,DOI: 10.1152/ajpcell.00524.2001,"Cao G, O'Brien CD, Zhou Z, Sanders SM, Greenbaum JN, Makrigiannakis A, DeLisser HM. Involvement of human PECAM-1 in angiogenesis and in vitro endothelial cell migration. Am J Physiol Cell Physiol. 2002 May;282(5):C1181-90.",PMID: 27208692,DOI: 10.1016/j.vph.2016.05.003,"Shah AV, Birdsey GM, Randi AM. Regulation of endothelial homeostasis, vascular development and angiogenesis by the transcription factor ERG. Vascul Pharmacol. 2016 Nov;86:3-13.",,,
skin,skin of body,UBERON:0002097,Subcutaneous,hypodermis,UBERON:0002072,,,,Perivascular smooth muscle cell,smooth muscle cell,CL:0000359,,PMID: 23554249,DOI: 10.1002/biot.201200199,"Wanjare M, Kusuma S, Gerecht S. Perivascular cells in blood vessel regeneration. Biotechnol J. 2013 Apr;8(4):434-47.","actin alpha 2, smooth muscle",ACTA2,HGNC:130,calponin 1,CNN1,HGNC:2155,caldesmon 1,CALD1,HGNC:1441,,,,,,,,,,PMID: 8006064.,No DOI,"North AJ, Gimona M, Cross RA, Small JV. Calponin is localised in both the contractile apparatus and the cytoskeleton of smooth muscle cells. J Cell Sci. 1994 Mar;107 ( Pt 3):437-44.",,No DOI,,,,
skin,skin of body,UBERON:0002097,Subcutaneous,hypodermis,UBERON:0002072,,,,Glomus cell,type I cell of carotid body,CL:0002292,,PMID: 26437605.,DOI: 10.1016/j.cmet.2015.09.004,"Fern√°ndez-Ag√ºera MC, Gao L, Gonz√°lez-Rodr√≠guez P, Pintado CO, Arias-Mayenco I, Garc√≠a-Flores P, Garc√≠a-Perga√±eda A, Pascual A, Ortega-S√°enz P, L√≥pez-Barneo J. Oxygen Sensing by Arterial Chemoreceptors Depends on Mitochondrial Complex I Signaling. Cell Metab. 2015 Nov 3;22(5):825-37.","actin alpha 2, smooth muscle",ACTA2,HGNC:130,dopamine receptor D2,DRD2,HGNC:3023,,,,,,,,,,,,,PMID: 2158236,No DOI,"Sch√ºrch W, Skalli O, Lagac√© R, Seemayer TA, Gabbiani G. Intermediate filament proteins and actin isoforms as markers for soft-tissue tumor differentiation and origin. III. Hemangiopericytomas and glomus tumors. Am J Pathol. 1990 Apr;136(4):771-86.",PMID: 26272445,DOI: 10.1016/j.acthis.2015.07.007,"Wakai J, Takayama A, Yokoyama T, Nakamuta N, Kusakabe T, Yamamoto Y. Immunohistochemical localization of dopamine D2 receptor in the rat carotid body. Acta Histochem. 2015 Oct;117(8):784-9.",,,